{
 "dcg": [
  16.07548124986569,
  11.709487059387508
 ],
 "dcg@03": [
  4.493402795071447,
  3.563276405426321
 ],
 "dcg@05": [
  6.313698385281024,
  4.478197154519455
 ],
 "dcg@10": [
  9.537493659234977,
  6.110508975025132
 ],
 "dcg@20": [
  12.771709452504627,
  8.065512841645205
 ],
 "ndcg": [
  0.7301468653686135,
  0.15550160915356193
 ],
 "ndcg@03": [
  0.4349653919585065,
  0.2928303819940102
 ],
 "ndcg@05": [
  0.4867627987572626,
  0.2715646632967987
 ],
 "ndcg@10": [
  0.5803379298352954,
  0.24515055983640768
 ],
 "ndcg@20": [
  0.6595841756349314,
  0.20178365644149804
 ],
 "precision@01": [
  0.13344760039177278,
  0.34005784558138125
 ],
 "precision@03": [
  0.14381325497877895,
  0.22079082615817705
 ],
 "precision@05": [
  0.15396669931439766,
  0.1866673411355027
 ],
 "precision@10": [
  0.15673359451518123,
  0.14474539955781648
 ],
 "precision@20": [
  0.1297992164544564,
  0.10576945730828023
 ],
 "recall@01": [
  0.045385584543463545,
  0.15649744707354246
 ],
 "recall@03": [
  0.14656455265657614,
  0.27174254917831403
 ],
 "recall@05": [
  0.2654283853886242,
  0.3505736015277686
 ],
 "recall@10": [
  0.5194515743567185,
  0.4076861878760664
 ],
 "recall@20": [
  0.7701572976962268,
  0.3286219723742982
 ],
 "relevant rank": [
  17.888238625637154,
  15.053545926750802
 ],
 "relevant rank per query": [
  69.60381978452497,
  114.02436396650307
 ]
}