{
 "dcg": [
  18.605901378704452,
  13.69858179710664
 ],
 "dcg@03": [
  7.967835360747795,
  6.660347262976939
 ],
 "dcg@05": [
  9.946464410822683,
  7.563816298286791
 ],
 "dcg@10": [
  12.94714037748851,
  8.950756845133569
 ],
 "dcg@20": [
  15.733243178586907,
  10.658502140796884
 ],
 "ndcg": [
  0.8158813807163877,
  0.14446608372567743
 ],
 "ndcg@03": [
  0.6146666239908337,
  0.2883467469654562
 ],
 "ndcg@05": [
  0.6461022869892703,
  0.25637272134152234
 ],
 "ndcg@10": [
  0.7063076847755311,
  0.22346987209286318
 ],
 "ndcg@20": [
  0.7602321347498191,
  0.18693443129969853
 ],
 "precision@01": [
  0.4909402546523017,
  0.49991791427616883
 ],
 "precision@03": [
  0.3748775710088149,
  0.2885130780370818
 ],
 "precision@05": [
  0.30754162585700295,
  0.22931984233605127
 ],
 "precision@10": [
  0.22318805093046037,
  0.16478259471283718
 ],
 "precision@20": [
  0.14844515181194906,
  0.11710642371166582
 ],
 "recall@01": [
  0.21643359501251844,
  0.3180554514450545
 ],
 "recall@03": [
  0.428622879612521,
  0.37742263161818285
 ],
 "recall@05": [
  0.5420534476537913,
  0.3799714702874227
 ],
 "recall@10": [
  0.7107910197947914,
  0.3424524597820902
 ],
 "recall@20": [
  0.8607739696271436,
  0.2502977416271088
 ],
 "relevant rank": [
  13.560317160656975,
  14.560554588388252
 ],
 "relevant rank per query": [
  52.76371204701273,
  99.42786992516916
 ]
}