{
 "dcg": [
  18.220374040033224,
  13.329781291306592
 ],
 "dcg@03": [
  7.421547980902446,
  6.216196568683876
 ],
 "dcg@05": [
  9.451439259528337,
  7.119924354597853
 ],
 "dcg@10": [
  12.490374454651333,
  8.53193137828515
 ],
 "dcg@20": [
  15.32348259777738,
  10.27601855219103
 ],
 "ndcg": [
  0.8029271077030886,
  0.1455402617754827
 ],
 "ndcg@03": [
  0.5869642283956217,
  0.2901720494356906
 ],
 "ndcg@05": [
  0.6249527875192331,
  0.2576817431772854
 ],
 "ndcg@10": [
  0.6890806279574244,
  0.22625040434905622
 ],
 "ndcg@20": [
  0.7456507066179192,
  0.18977221440496317
 ],
 "precision@01": [
  0.4236043095004897,
  0.4941292325628013
 ],
 "precision@03": [
  0.3495755794972249,
  0.2860385051326974
 ],
 "precision@05": [
  0.29711067580803135,
  0.22301793538648113
 ],
 "precision@10": [
  0.2211312438785505,
  0.16130768687989694
 ],
 "precision@20": [
  0.14851860920666016,
  0.11571387419882265
 ],
 "recall@01": [
  0.1863221038140826,
  0.3044044602673918
 ],
 "recall@03": [
  0.4089225794811696,
  0.3823170826423755
 ],
 "recall@05": [
  0.5347326397629727,
  0.3841907053402434
 ],
 "recall@10": [
  0.7120704593248971,
  0.34369880744218917
 ],
 "recall@20": [
  0.8612907689149488,
  0.2525166050869631
 ],
 "relevant rank": [
  13.62840601598389,
  14.341376593460462
 ],
 "relevant rank per query": [
  53.028648383937316,
  100.00109407841637
 ]
}