{
 "dcg": [
  18.899470747596062,
  14.039897624794362
 ],
 "dcg@03": [
  8.383603655622949,
  7.045557657596734
 ],
 "dcg@05": [
  10.329390335444034,
  7.9107745722767575
 ],
 "dcg@10": [
  13.27148221548603,
  9.278179730826078
 ],
 "dcg@20": [
  16.015388304159217,
  10.984112767916416
 ],
 "ndcg": [
  0.8264505380543214,
  0.1423855208931384
 ],
 "ndcg@03": [
  0.6394931315208314,
  0.28573448803949586
 ],
 "ndcg@05": [
  0.6660040516937209,
  0.2523834048575722
 ],
 "ndcg@10": [
  0.7199624637878648,
  0.2196982529519656
 ],
 "ndcg@20": [
  0.7706478902607143,
  0.18439267740335674
 ],
 "precision@01": [
  0.5558276199804114,
  0.4968735018566826
 ],
 "precision@03": [
  0.39079333986287945,
  0.2996644687567768
 ],
 "precision@05": [
  0.3145445641527914,
  0.23161912152445466
 ],
 "precision@10": [
  0.2241185112634672,
  0.16668861590410008
 ],
 "precision@20": [
  0.1480288932419197,
  0.11625021204218279
 ],
 "recall@01": [
  0.24054889112169667,
  0.32396684908586587
 ],
 "recall@03": [
  0.4356996479495119,
  0.37576794678475145
 ],
 "recall@05": [
  0.5462559384850296,
  0.3779680711628997
 ],
 "recall@10": [
  0.7076258872050222,
  0.3421575623376463
 ],
 "recall@20": [
  0.855189689315669,
  0.25407118241304005
 ],
 "relevant rank": [
  13.632433452897867,
  14.822223941090533
 ],
 "relevant rank per query": [
  53.044319294809014,
  99.33958588967707
 ]
}