{
 "dcg": [
  18.495154762001107,
  13.642923475447901
 ],
 "dcg@03": [
  7.84261522137669,
  6.6161549199621055
 ],
 "dcg@05": [
  9.806312567719234,
  7.517731048567691
 ],
 "dcg@10": [
  12.782271350770348,
  8.916525507342593
 ],
 "dcg@20": [
  15.571273830879955,
  10.63196430344165
 ],
 "ndcg": [
  0.8099351833318454,
  0.1473034858692566
 ],
 "ndcg@03": [
  0.6024149270404441,
  0.29122466623741355
 ],
 "ndcg@05": [
  0.6360053650918458,
  0.2608010372427468
 ],
 "ndcg@10": [
  0.6960403843609921,
  0.23052258444970009
 ],
 "ndcg@20": [
  0.7513037829388599,
  0.1938863282750144
 ],
 "precision@01": [
  0.4951028403525955,
  0.4999760172522157
 ],
 "precision@03": [
  0.3702252693437806,
  0.2849268880935117
 ],
 "precision@05": [
  0.30685602350636637,
  0.22844277125988602
 ],
 "precision@10": [
  0.22289422135161607,
  0.16355606159639147
 ],
 "precision@20": [
  0.14886141038197848,
  0.11725747634431528
 ],
 "recall@01": [
  0.22169558779359763,
  0.3220881561673794
 ],
 "recall@03": [
  0.4236485272204331,
  0.37614248798848154
 ],
 "recall@05": [
  0.5431786297350581,
  0.3823946836820511
 ],
 "recall@10": [
  0.712158395182555,
  0.3429272303251004
 ],
 "recall@20": [
  0.8617582650876956,
  0.25086377183729075
 ],
 "relevant rank": [
  13.571140897363287,
  14.538300283875696
 ],
 "relevant rank per query": [
  52.80582761998041,
  99.63130246207554
 ]
}