{
 "dcg": [
  15.117667503479248,
  11.067421213804131
 ],
 "dcg@03": [
  3.6808622668792137,
  3.5704011563192175
 ],
 "dcg@05": [
  5.239433799715332,
  4.37561568837485
 ],
 "dcg@10": [
  8.110147969622135,
  5.80549289330227
 ],
 "dcg@20": [
  11.114552763788154,
  7.363591606265639
 ],
 "ndcg": [
  0.6855317051315245,
  0.15929164954083944
 ],
 "ndcg@03": [
  0.3532355435858355,
  0.2862076429895198
 ],
 "ndcg@05": [
  0.40577264973051164,
  0.27372753394691374
 ],
 "ndcg@10": [
  0.5030750348697854,
  0.26529137799049135
 ],
 "ndcg@20": [
  0.5888100099352138,
  0.22857579918848311
 ],
 "precision@01": [
  0.10602350636630754,
  0.3078677028596879
 ],
 "precision@03": [
  0.1096963761018609,
  0.20293473475951498
 ],
 "precision@05": [
  0.11963761018609208,
  0.1699693638229055
 ],
 "precision@10": [
  0.12590597453476984,
  0.13384170256427538
 ],
 "precision@20": [
  0.10653770812928502,
  0.09689150408268779
 ],
 "recall@01": [
  0.03693962957674815,
  0.14108289743572167
 ],
 "recall@03": [
  0.11443488247282428,
  0.24853561027723597
 ],
 "recall@05": [
  0.21268250366964425,
  0.33084333230246865
 ],
 "recall@10": [
  0.4424777903804054,
  0.4225868569873603
 ],
 "recall@20": [
  0.6631165157081226,
  0.39492723199697893
 ],
 "relevant rank": [
  22.186457743376753,
  17.410559714165696
 ],
 "relevant rank per query": [
  86.32835455435847,
  137.64049244593573
 ]
}