{
 "dcg": [
  18.772474278412165,
  13.974410205267192
 ],
 "dcg@03": [
  8.190943459247405,
  6.975391013505774
 ],
 "dcg@05": [
  10.091969332586004,
  7.83241128202333
 ],
 "dcg@10": [
  13.061219843377392,
  9.217409629682237
 ],
 "dcg@20": [
  15.853261916018822,
  10.919785160792063
 ],
 "ndcg": [
  0.8184369567121725,
  0.1463577246269093
 ],
 "ndcg@03": [
  0.618953977444554,
  0.292086021931894
 ],
 "ndcg@05": [
  0.6473704804013668,
  0.2588608403983031
 ],
 "ndcg@10": [
  0.7069214809136349,
  0.22586774624627598
 ],
 "ndcg@20": [
  0.7612059811345472,
  0.1900476913098356
 ],
 "precision@01": [
  0.5592556317335945,
  0.496476354026909
 ],
 "precision@03": [
  0.37446947437153116,
  0.2890896204471808
 ],
 "precision@05": [
  0.3013222331047993,
  0.22759702645215169
 ],
 "precision@10": [
  0.21904995102840355,
  0.16357741131691006
 ],
 "precision@20": [
  0.14707394711067584,
  0.11546920597668682
 ],
 "recall@01": [
  0.24359321261775957,
  0.32511357897019355
 ],
 "recall@03": [
  0.42392002624267033,
  0.37560246939197134
 ],
 "recall@05": [
  0.5299114936814183,
  0.38025622340615806
 ],
 "recall@10": [
  0.6985425056160549,
  0.34615555582483654
 ],
 "recall@20": [
  0.8544833064007656,
  0.2549327793612437
 ],
 "relevant rank": [
  13.894909068025926,
  14.977823260180875
 ],
 "relevant rank per query": [
  54.06562193927522,
  102.0329837748178
 ]
}