{
 "dcg": [
  18.06324068979955,
  13.383800579288952
 ],
 "dcg@03": [
  7.295110539010016,
  6.414783317565818
 ],
 "dcg@05": [
  9.191876093298424,
  7.22667780776834
 ],
 "dcg@10": [
  12.140053981856573,
  8.561328842051816
 ],
 "dcg@20": [
  15.006104397478644,
  10.224144331975491
 ],
 "ndcg": [
  0.7947831194939311,
  0.1487872606681052
 ],
 "ndcg@03": [
  0.5686698265617834,
  0.2953650691447358
 ],
 "ndcg@05": [
  0.6048334244855065,
  0.2635993479017944
 ],
 "ndcg@10": [
  0.6710941831129954,
  0.23476727985416057
 ],
 "ndcg@20": [
  0.7322381356432626,
  0.19613659179415227
 ],
 "precision@01": [
  0.43192948090107736,
  0.49534473291799835
 ],
 "precision@03": [
  0.32027424094025464,
  0.2824216495393099
 ],
 "precision@05": [
  0.2672380019588639,
  0.21825169263361466
 ],
 "precision@10": [
  0.20122428991185118,
  0.15741070144713332
 ],
 "precision@20": [
  0.14125857002938297,
  0.11246169328236862
 ],
 "recall@01": [
  0.18872343585215376,
  0.3048951687888545
 ],
 "recall@03": [
  0.36537124705162766,
  0.37344972422796585
 ],
 "recall@05": [
  0.47711574239117926,
  0.3872118796833451
 ],
 "recall@10": [
  0.6513853883615726,
  0.3687802156544688
 ],
 "recall@20": [
  0.8278929103174054,
  0.2809784879290315
 ],
 "relevant rank": [
  15.068466427537599,
  15.152457677420758
 ],
 "relevant rank per query": [
  58.63197845249755,
  105.28212164468101
 ]
}