{
 "dcg": [
  15.647586348106836,
  11.343708730820902
 ],
 "dcg@03": [
  4.346209420242752,
  4.221956720229385
 ],
 "dcg@05": [
  5.952656493031842,
  5.0076475230642
 ],
 "dcg@10": [
  8.851743596127577,
  6.311184593253947
 ],
 "dcg@20": [
  11.835967019812193,
  7.806377480562407
 ],
 "ndcg": [
  0.70599587500304,
  0.16052156136317852
 ],
 "ndcg@03": [
  0.39402931513790435,
  0.2952797030933864
 ],
 "ndcg@05": [
  0.4425481163748566,
  0.27919074652215975
 ],
 "ndcg@10": [
  0.5354874770787046,
  0.26251624114932304
 ],
 "ndcg@20": [
  0.6162185538107904,
  0.2261393449087893
 ],
 "precision@01": [
  0.1638099902056807,
  0.370103063097964
 ],
 "precision@03": [
  0.15360757427358795,
  0.22158593693476009
 ],
 "precision@05": [
  0.15000000000000002,
  0.18118529105966658
 ],
 "precision@10": [
  0.1410871694417238,
  0.13552015814405077
 ],
 "precision@20": [
  0.11453232125367288,
  0.09807152082167797
 ],
 "recall@01": [
  0.06957936967162469,
  0.2040776471139183
 ],
 "recall@03": [
  0.1782080467647485,
  0.3055991322847204
 ],
 "recall@05": [
  0.2761696339117593,
  0.3627457380095611
 ],
 "recall@10": [
  0.49445495627494396,
  0.4174215501905793
 ],
 "recall@20": [
  0.7068098439015014,
  0.3696048964427567
 ],
 "relevant rank": [
  20.720848278900007,
  17.238022964253798
 ],
 "relevant rank per query": [
  80.62561214495592,
  132.41650905741477
 ]
}