{
 "dcg": [
  16.11371609662763,
  11.784676406490169
 ],
 "dcg@03": [
  4.779046629342102,
  4.101844223636392
 ],
 "dcg@05": [
  6.542272846297808,
  4.919928546621089
 ],
 "dcg@10": [
  9.557011844016099,
  6.404829640006142
 ],
 "dcg@20": [
  12.575252439810146,
  8.158444181536865
 ],
 "ndcg": [
  0.7231853261479426,
  0.15683540157768827
 ],
 "ndcg@03": [
  0.43117945240764877,
  0.2878564021931229
 ],
 "ndcg@05": [
  0.479568335714573,
  0.2664295803757081
 ],
 "ndcg@10": [
  0.5669544345605504,
  0.24818853340415778
 ],
 "ndcg@20": [
  0.6424896180477402,
  0.21123285816957782
 ],
 "precision@01": [
  0.18046033300685602,
  0.3845704112615928
 ],
 "precision@03": [
  0.17360430950048972,
  0.22695391078826008
 ],
 "precision@05": [
  0.1694417238001959,
  0.1838391905309889
 ],
 "precision@10": [
  0.15688050930460334,
  0.13906137154494055
 ],
 "precision@20": [
  0.1234818805093046,
  0.09970338927193446
 ],
 "recall@01": [
  0.06458526962674956,
  0.1853863301930686
 ],
 "recall@03": [
  0.1871523050534424,
  0.2986079347759736
 ],
 "recall@05": [
  0.3031883068356308,
  0.36022829933319284
 ],
 "recall@10": [
  0.5302107652116103,
  0.4017846659670868
 ],
 "recall@20": [
  0.7454636122165254,
  0.3348758039534028
 ],
 "relevant rank": [
  18.876345101000567,
  16.278818698289637
 ],
 "relevant rank per query": [
  73.44857982370225,
  121.70191885234009
 ]
}