{
 "dcg": [
  16.382652879673262,
  12.115291631616847
 ],
 "dcg@03": [
  5.15811016413887,
  4.755139523577303
 ],
 "dcg@05": [
  6.906136962366144,
  5.482619462072079
 ],
 "dcg@10": [
  9.854906369986374,
  6.833022460725522
 ],
 "dcg@20": [
  12.867617281274677,
  8.52901094356143
 ],
 "ndcg": [
  0.731452032306584,
  0.15983855564027377
 ],
 "ndcg@03": [
  0.4473938406910192,
  0.2965925086386418
 ],
 "ndcg@05": [
  0.493546956060771,
  0.2715952824438487
 ],
 "ndcg@10": [
  0.5762667637034627,
  0.2517868754030121
 ],
 "ndcg@20": [
  0.6520443787723735,
  0.2138004445609695
 ],
 "precision@01": [
  0.23310479921645447,
  0.4228084102743356
 ],
 "precision@03": [
  0.1917238001958864,
  0.23890794162441578
 ],
 "precision@05": [
  0.17894221351616063,
  0.18537955767061334
 ],
 "precision@10": [
  0.15903525954946132,
  0.1380362829371574
 ],
 "precision@20": [
  0.12511018609206662,
  0.09996626563251193
 ],
 "recall@01": [
  0.08965272979114963,
  0.22097778683510758
 ],
 "recall@03": [
  0.20737358983860496,
  0.3125200958793935
 ],
 "recall@05": [
  0.32028995014338835,
  0.3635490890075605
 ],
 "recall@10": [
  0.5333254971835699,
  0.39755277464502825
 ],
 "recall@20": [
  0.756369849090539,
  0.32995260533272064
 ],
 "relevant rank": [
  18.54993392486313,
  16.2264183946809
 ],
 "relevant rank per query": [
  72.17850146914789,
  120.20158434744076
 ]
}