{
 "dcg": [
  18.252835183029827,
  13.616384784420696
 ],
 "dcg@03": [
  7.712335377849165,
  6.771863062093257
 ],
 "dcg@05": [
  9.44580863572496,
  7.50146268859482
 ],
 "dcg@10": [
  12.25699885630984,
  8.734974694757092
 ],
 "dcg@20": [
  15.043719136969095,
  10.368816213724251
 ],
 "ndcg": [
  0.7972470036262603,
  0.15211141847515036
 ],
 "ndcg@03": [
  0.5855395282324499,
  0.2959664645419828
 ],
 "ndcg@05": [
  0.610575539190059,
  0.26492224263706177
 ],
 "ndcg@10": [
  0.6705386149650953,
  0.23693385463297276
 ],
 "ndcg@20": [
  0.7295438471660878,
  0.20201050331177958
 ],
 "precision@01": [
  0.5188540646425074,
  0.4996443977935269
 ],
 "precision@03": [
  0.3406790728044401,
  0.2816636989115686
 ],
 "precision@05": [
  0.2705680705190989,
  0.2156137642114548
 ],
 "precision@10": [
  0.19767384916748285,
  0.1521217081673808
 ],
 "precision@20": [
  0.13648383937316358,
  0.10690979008405868
 ],
 "recall@01": [
  0.22587129374222129,
  0.31863938351870014
 ],
 "recall@03": [
  0.38876243178932257,
  0.37256243474743267
 ],
 "recall@05": [
  0.4830395849688108,
  0.3801629235696896
 ],
 "recall@10": [
  0.6481050639775777,
  0.36452162628510415
 ],
 "recall@20": [
  0.8143948163368939,
  0.2867573784164444
 ],
 "relevant rank": [
  15.939022087974324,
  16.285095148089635
 ],
 "relevant rank per query": [
  62.01934378060725,
  111.89731312933077
 ]
}