{
 "dcg": [
  18.57748523049583,
  13.805589920702621
 ],
 "dcg@03": [
  8.036869060072112,
  6.8215868398857955
 ],
 "dcg@05": [
  9.892882404338632,
  7.657297023100206
 ],
 "dcg@10": [
  12.758632146557732,
  8.95319740795014
 ],
 "dcg@20": [
  15.522603111985951,
  10.643542829886327
 ],
 "ndcg": [
  0.811419130760681,
  0.14861605257528712
 ],
 "ndcg@03": [
  0.6110224224131738,
  0.2902873274159172
 ],
 "ndcg@05": [
  0.6376405427361874,
  0.2591358324806967
 ],
 "ndcg@10": [
  0.694068839080786,
  0.23016919646836168
 ],
 "ndcg@20": [
  0.7494100826863389,
  0.19533474336617204
 ],
 "precision@01": [
  0.5418707149853085,
  0.4982437588436197
 ],
 "precision@03": [
  0.36083904668625527,
  0.28123716757947537
 ],
 "precision@05": [
  0.29147894221351617,
  0.22344438138874606
 ],
 "precision@10": [
  0.20964740450538688,
  0.16006846314883671
 ],
 "precision@20": [
  0.1415156709108717,
  0.11263637723339598
 ],
 "recall@01": [
  0.23784255155395342,
  0.3247462370586071
 ],
 "recall@03": [
  0.4094565664436452,
  0.3716068389935608
 ],
 "recall@05": [
  0.513280824640937,
  0.37903941756766335
 ],
 "recall@10": [
  0.6717887758205002,
  0.35861264904056106
 ],
 "recall@20": [
  0.8284096139580888,
  0.27758133359425424
 ],
 "relevant rank": [
  14.81033289283242,
  15.47621417430311
 ],
 "relevant rank per query": [
  57.62757100881489,
  103.32352996838814
 ]
}