{
 "dcg": [
  18.64373103803086,
  13.84758258106569
 ],
 "dcg@03": [
  8.105836388837652,
  6.868414407995521
 ],
 "dcg@05": [
  9.993691041897636,
  7.740532404599863
 ],
 "dcg@10": [
  12.878405106493023,
  9.063082879797092
 ],
 "dcg@20": [
  15.629767114806555,
  10.71395146485174
 ],
 "ndcg": [
  0.8130558777099417,
  0.14841046420330312
 ],
 "ndcg@03": [
  0.6139742112793564,
  0.29249529717705675
 ],
 "ndcg@05": [
  0.6416922599000335,
  0.2616972535144845
 ],
 "ndcg@10": [
  0.6987157006398204,
  0.2291520639640637
 ],
 "ndcg@20": [
  0.7524908964014078,
  0.19443218155530825
 ],
 "precision@01": [
  0.5472575905974535,
  0.4977617101896484
 ],
 "precision@03": [
  0.3738165197518772,
  0.2847256517659875
 ],
 "precision@05": [
  0.302154750244858,
  0.2252982777483605
 ],
 "precision@10": [
  0.21510773751224294,
  0.1604793967354245
 ],
 "precision@20": [
  0.14347453476983352,
  0.11281023862744556
 ],
 "recall@01": [
  0.24134114727267167,
  0.3264438130766667
 ],
 "recall@03": [
  0.42438251998429866,
  0.37236108839641235
 ],
 "recall@05": [
  0.5350026906972177,
  0.3771661051378639
 ],
 "recall@10": [
  0.6919157460239784,
  0.34702757994876154
 ],
 "recall@20": [
  0.8396922392780561,
  0.2683276595313866
 ],
 "relevant rank": [
  14.45717701843811,
  15.459931359045397
 ],
 "relevant rank per query": [
  56.253428011753186,
  103.90670104728017
 ]
}