{
 "dcg": [
  18.50856662543316,
  13.621846399267794
 ],
 "dcg@03": [
  7.732468682039536,
  6.226117557692315
 ],
 "dcg@05": [
  9.81374045302181,
  7.187382231335679
 ],
 "dcg@10": [
  12.883995063870348,
  8.657522990999292
 ],
 "dcg@20": [
  15.74449755686343,
  10.540464899281234
 ],
 "ndcg": [
  0.8162265348804764,
  0.14114360450487987
 ],
 "ndcg@03": [
  0.6162522522810935,
  0.28170449606167325
 ],
 "ndcg@05": [
  0.6504780082995003,
  0.24743021749418134
 ],
 "ndcg@10": [
  0.7103411136644963,
  0.21486685451911866
 ],
 "ndcg@20": [
  0.7646119914568181,
  0.17826702041267986
 ],
 "precision@01": [
  0.4446620959843291,
  0.4969282809210524
 ],
 "precision@03": [
  0.36018609206660135,
  0.2906239851952445
 ],
 "precision@05": [
  0.3034769833496572,
  0.2269278205910126
 ],
 "precision@10": [
  0.22409402546523022,
  0.16333116216550447
 ],
 "precision@20": [
  0.1511875612144956,
  0.11752814521949204
 ],
 "recall@01": [
  0.18563912969301052,
  0.29820257502224234
 ],
 "recall@03": [
  0.3994380449953779,
  0.3723491242378352
 ],
 "recall@05": [
  0.5282377075787674,
  0.3787307113375126
 ],
 "recall@10": [
  0.7094199055767272,
  0.34249686577021404
 ],
 "recall@20": [
  0.871060469496989,
  0.24082688296366947
 ],
 "relevant rank": [
  13.08841482600214,
  13.728657676791865
 ],
 "relevant rank per query": [
  50.92752203721842,
  95.77985049913364
 ]
}