{
 "dcg": [
  15.896390144799199,
  11.515553457196242
 ],
 "dcg@03": [
  4.4919821795144665,
  4.42930066606359
 ],
 "dcg@05": [
  6.258551384170892,
  5.351204985041843
 ],
 "dcg@10": [
  9.239098210771031,
  6.722289134932153
 ],
 "dcg@20": [
  12.333630239824645,
  8.256506934359043
 ],
 "ndcg": [
  0.7151956131573941,
  0.15879568335889718
 ],
 "ndcg@03": [
  0.40291815158355293,
  0.3003784104156294
 ],
 "ndcg@05": [
  0.45844100771329854,
  0.28227962495918424
 ],
 "ndcg@10": [
  0.5506094199123707,
  0.26381468835985195
 ],
 "ndcg@20": [
  0.6325493997299605,
  0.22215462158634175
 ],
 "precision@01": [
  0.1694417238001959,
  0.3751416079773264
 ],
 "precision@03": [
  0.1694417238001959,
  0.23620481069578456
 ],
 "precision@05": [
  0.16958863858961806,
  0.19273211511341268
 ],
 "precision@10": [
  0.15506856023506368,
  0.14377814488613586
 ],
 "precision@20": [
  0.12486532810969639,
  0.10249390934158259
 ],
 "recall@01": [
  0.07277113278366375,
  0.20797203947924722
 ],
 "recall@03": [
  0.20121563596199307,
  0.3258659261340775
 ],
 "recall@05": [
  0.32249917978630704,
  0.385886227166256
 ],
 "recall@10": [
  0.5384814945885077,
  0.419600430588162
 ],
 "recall@20": [
  0.7611524622363394,
  0.33804619644288986
 ],
 "relevant rank": [
  18.728525580517275,
  16.104616876830786
 ],
 "relevant rank per query": [
  72.8734084231146,
  126.26957771628548
 ]
}