{
 "dcg": [
  15.378331646495099,
  11.143920085173011
 ],
 "dcg@03": [
  3.803139173176684,
  3.0250406133209955
 ],
 "dcg@05": [
  5.4324113832948955,
  3.8523540462298405
 ],
 "dcg@10": [
  8.518714102519754,
  5.444159709511143
 ],
 "dcg@20": [
  11.665936699432754,
  7.237651673536588
 ],
 "ndcg": [
  0.7034967810926286,
  0.1599195795256981
 ],
 "ndcg@03": [
  0.38472218651859097,
  0.28960007500352325
 ],
 "ndcg@05": [
  0.43672887841318087,
  0.2751722704821595
 ],
 "ndcg@10": [
  0.5356108910276028,
  0.2578616720679285
 ],
 "ndcg@20": [
  0.6190276361659808,
  0.21770724155849547
 ],
 "precision@01": [
  0.0930460333006856,
  0.2904969345581693
 ],
 "precision@03": [
  0.10626836434867777,
  0.1981327960658341
 ],
 "precision@05": [
  0.1183643486777669,
  0.17051419747326865
 ],
 "precision@10": [
  0.1320274240940255,
  0.13414474337975582
 ],
 "precision@20": [
  0.11450783545543586,
  0.09898840783009333
 ],
 "recall@01": [
  0.030569145043752126,
  0.12678295649518767
 ],
 "recall@03": [
  0.10582488299093873,
  0.23585966685247756
 ],
 "recall@05": [
  0.20094190497051523,
  0.3193135736699978
 ],
 "recall@10": [
  0.45453013543744203,
  0.4186173405917137
 ],
 "recall@20": [
  0.6977856628936792,
  0.37501610523291706
 ],
 "relevant rank": [
  20.490151658171293,
  15.943380423157034
 ],
 "relevant rank per query": [
  79.72796278158668,
  125.1515856255376
 ]
}