{
 "dcg": [
  18.63150351361094,
  13.630352974499234
 ],
 "dcg@03": [
  7.964259237954084,
  6.5102827069078515
 ],
 "dcg@05": [
  9.999951840389217,
  7.431816976541299
 ],
 "dcg@10": [
  13.025385296397527,
  8.8646151538135
 ],
 "dcg@20": [
  15.821788213270152,
  10.623357562196468
 ],
 "ndcg": [
  0.8206415695394916,
  0.14132561598637605
 ],
 "ndcg@03": [
  0.6239902924208661,
  0.2847773667667726
 ],
 "ndcg@05": [
  0.6556340253862425,
  0.250643551278886
 ],
 "ndcg@10": [
  0.7142046849494318,
  0.2192390737309166
 ],
 "ndcg@20": [
  0.7669704775657981,
  0.1828478731913068
 ],
 "precision@01": [
  0.4806562193927522,
  0.49962567803488506
 ],
 "precision@03": [
  0.37455109369898787,
  0.2861931061165321
 ],
 "precision@05": [
  0.3113124387855044,
  0.22632641204995907
 ],
 "precision@10": [
  0.2267140058765916,
  0.1641136090622821
 ],
 "precision@20": [
  0.15050195886385898,
  0.11740800781797957
 ],
 "recall@01": [
  0.21506679907557055,
  0.31882258113376294
 ],
 "recall@03": [
  0.4322146843145219,
  0.3796753071539641
 ],
 "recall@05": [
  0.5485419129744075,
  0.3791451133637154
 ],
 "recall@10": [
  0.7199087094672229,
  0.3379575198143974
 ],
 "recall@20": [
  0.8691030664670111,
  0.24286221844024225
 ],
 "relevant rank": [
  13.218488452583223,
  14.224547937393213
 ],
 "relevant rank per query": [
  51.43364348677767,
  98.39827052274354
 ]
}