{
 "dcg": [
  18.687010510413106,
  13.761471422932178
 ],
 "dcg@03": [
  8.099060462396146,
  6.6840941509371214
 ],
 "dcg@05": [
  10.075850706035254,
  7.572668736695209
 ],
 "dcg@10": [
  13.040252515214728,
  8.976379134354833
 ],
 "dcg@20": [
  15.782414923517578,
  10.696698415127118
 ],
 "ndcg": [
  0.8196241421997726,
  0.14299553437939252
 ],
 "ndcg@03": [
  0.6254508492430482,
  0.28376199090418064
 ],
 "ndcg@05": [
  0.6554658278696993,
  0.25167357199041207
 ],
 "ndcg@10": [
  0.7108312768117067,
  0.22159016278014154
 ],
 "ndcg@20": [
  0.7620994982136233,
  0.18736647883367344
 ],
 "precision@01": [
  0.515181194906954,
  0.49976947818088796
 ],
 "precision@03": [
  0.3738165197518772,
  0.2869149580065548
 ],
 "precision@05": [
  0.3067580803134183,
  0.22754356009193463
 ],
 "precision@10": [
  0.22171890303623898,
  0.16382093890786267
 ],
 "precision@20": [
  0.1474045053868756,
  0.1155910245443637
 ],
 "recall@01": [
  0.22551900792473942,
  0.3204260308358759
 ],
 "recall@03": [
  0.4279362670258272,
  0.37818807114673
 ],
 "recall@05": [
  0.538846454254171,
  0.3795064044986486
 ],
 "recall@10": [
  0.7042732954890877,
  0.34291048679808306
 ],
 "recall@20": [
  0.8525727234022316,
  0.25494375028598015
 ],
 "relevant rank": [
  13.917563400667044,
  15.072605536952596
 ],
 "relevant rank per query": [
  54.1537708129285,
  100.72538746854202
 ]
}