{
 "dcg": [
  16.037192904837628,
  11.746040501527261
 ],
 "dcg@03": [
  4.655319379822605,
  4.066969143326901
 ],
 "dcg@05": [
  6.440255235208371,
  4.882964718526359
 ],
 "dcg@10": [
  9.452574520994816,
  6.3731831147836715
 ],
 "dcg@20": [
  12.48936424890809,
  8.108385742871631
 ],
 "ndcg": [
  0.7200865053531568,
  0.15758395980742507
 ],
 "ndcg@03": [
  0.42298625134486645,
  0.2898438887171343
 ],
 "ndcg@05": [
  0.4750261344388192,
  0.26766600096449805
 ],
 "ndcg@10": [
  0.5621354441057345,
  0.24891386830618287
 ],
 "ndcg@20": [
  0.6395395211177293,
  0.2120001429737485
 ],
 "precision@01": [
  0.17384916748285995,
  0.37897972828157506
 ],
 "precision@03": [
  0.16609533137446947,
  0.22537546826698518
 ],
 "precision@05": [
  0.16635651322233108,
  0.1823084808859029
 ],
 "precision@10": [
  0.15504407443682666,
  0.13584546088315447
 ],
 "precision@20": [
  0.12342066601371206,
  0.09871519557475689
 ],
 "recall@01": [
  0.06092546860767292,
  0.17766423499918033
 ],
 "recall@03": [
  0.17924081033678801,
  0.29638157687911787
 ],
 "recall@05": [
  0.29966397809164436,
  0.3599400510920375
 ],
 "recall@10": [
  0.5256215825565951,
  0.40024064555072136
 ],
 "recall@20": [
  0.7472591806702534,
  0.33608084477660427
 ],
 "relevant rank": [
  18.90799823799635,
  16.140854524632427
 ],
 "relevant rank per query": [
  73.57174338883448,
  122.12229141129926
 ]
}