{
 "dcg": [
  18.962046134208805,
  14.027683492600207
 ],
 "dcg@03": [
  8.424502201238482,
  6.956477994905466
 ],
 "dcg@05": [
  10.414223377471458,
  7.907979598084088
 ],
 "dcg@10": [
  13.34770851050484,
  9.245790607152225
 ],
 "dcg@20": [
  16.135084299453013,
  10.995296042056985
 ],
 "ndcg": [
  0.8294205082218445,
  0.1419790329237839
 ],
 "ndcg@03": [
  0.6444119009279096,
  0.28320738875875795
 ],
 "ndcg@05": [
  0.6714632269972447,
  0.25158620854774066
 ],
 "ndcg@10": [
  0.724011067432243,
  0.21929983093280833
 ],
 "ndcg@20": [
  0.7758842479123054,
  0.1831269280682835
 ],
 "precision@01": [
  0.5548481880509305,
  0.49698257139212615
 ],
 "precision@03": [
  0.3912014365001632,
  0.29348470483305883
 ],
 "precision@05": [
  0.31895200783545546,
  0.23189226839507657
 ],
 "precision@10": [
  0.22526934378060728,
  0.1653893128635029
 ],
 "precision@20": [
  0.14932664054848188,
  0.11720363280621729
 ],
 "recall@01": [
  0.24084015942929315,
  0.3236785061968912
 ],
 "recall@03": [
  0.44130439382773395,
  0.37784662592131707
 ],
 "recall@05": [
  0.5554018567475638,
  0.3780971017006776
 ],
 "recall@10": [
  0.7130003124695949,
  0.3390020125512632
 ],
 "recall@20": [
  0.8622377762170869,
  0.24896231674976713
 ],
 "relevant rank": [
  13.352211943867598,
  14.571309315663783
 ],
 "relevant rank per query": [
  51.9539666993144,
  98.75190193402621
 ]
}