{
 "dcg": [
  18.274159763060823,
  13.650953010753678
 ],
 "dcg@03": [
  7.632100066663925,
  6.766442076532215
 ],
 "dcg@05": [
  9.530489417804855,
  7.6109950113502896
 ],
 "dcg@10": [
  12.410704684407342,
  8.930894539597798
 ],
 "dcg@20": [
  15.19196532120511,
  10.579938676754361
 ],
 "ndcg": [
  0.796689721053171,
  0.15449095145513422
 ],
 "ndcg@03": [
  0.5792482622870896,
  0.3016130378918302
 ],
 "ndcg@05": [
  0.6121301218861992,
  0.26953895901591224
 ],
 "ndcg@10": [
  0.6730157155406877,
  0.24032437425194106
 ],
 "ndcg@20": [
  0.731487757703249,
  0.2051489974882118
 ],
 "precision@01": [
  0.48726738491674826,
  0.49983785422188837
 ],
 "precision@03": [
  0.3508814887365328,
  0.28500836894945764
 ],
 "precision@05": [
  0.2906953966699315,
  0.22257861582745847
 ],
 "precision@10": [
  0.21072477962781588,
  0.15838485611786995
 ],
 "precision@20": [
  0.14395200783545545,
  0.11308341442235531
 ],
 "recall@01": [
  0.21584071083059425,
  0.3181775790359283
 ],
 "recall@03": [
  0.40047493378534266,
  0.37457575118318953
 ],
 "recall@05": [
  0.5180503270907554,
  0.382934786479118
 ],
 "recall@10": [
  0.681026134601976,
  0.35389014702212357
 ],
 "recall@20": [
  0.8438148959727907,
  0.26619703960959573
 ],
 "relevant rank": [
  14.65055691901076,
  15.3801994273964
 ],
 "relevant rank per query": [
  57.005876591576886,
  103.63961075512347
 ]
}