{
 "dcg": [
  18.848658423423842,
  13.957286271862632
 ],
 "dcg@03": [
  8.263172002117818,
  6.856527307412228
 ],
 "dcg@05": [
  10.25615488842754,
  7.786086099122691
 ],
 "dcg@10": [
  13.247351828607247,
  9.193977945614614
 ],
 "dcg@20": [
  16.05206699393733,
  10.993842323991357
 ],
 "ndcg": [
  0.825672901464794,
  0.1407271471904124
 ],
 "ndcg@03": [
  0.6345877572026949,
  0.28282179747495223
 ],
 "ndcg@05": [
  0.6638914534823287,
  0.2503963936978167
 ],
 "ndcg@10": [
  0.7202674007004314,
  0.2187372033360595
 ],
 "ndcg@20": [
  0.77259416504677,
  0.1823276266193278
 ],
 "precision@01": [
  0.5159157688540646,
  0.4997466241024385
 ],
 "precision@03": [
  0.38818152138426376,
  0.2927194540349556
 ],
 "precision@05": [
  0.3182174338883448,
  0.23220434896114867
 ],
 "precision@10": [
  0.2276934378060725,
  0.16673528212593572
 ],
 "precision@20": [
  0.1516405484818805,
  0.12020836497549223
 ],
 "recall@01": [
  0.22186840433427005,
  0.3164916824845676
 ],
 "recall@03": [
  0.4375333664048869,
  0.3776483116367549
 ],
 "recall@05": [
  0.5543598423148065,
  0.3783323927310482
 ],
 "recall@10": [
  0.7206088044861788,
  0.33922547300029765
 ],
 "recall@20": [
  0.8693995929294223,
  0.2449510155212468
 ],
 "relevant rank": [
  12.939147945377886,
  13.973437218888726
 ],
 "relevant rank per query": [
  50.34671890303624,
  96.37061053777968
 ]
}