{
 "dcg": [
  18.412372492828116,
  13.453961431752312
 ],
 "dcg@03": [
  7.627842015673227,
  6.356088476332729
 ],
 "dcg@05": [
  9.698400008663125,
  7.279126282286968
 ],
 "dcg@10": [
  12.767341911687526,
  8.734998997050424
 ],
 "dcg@20": [
  15.582544749449967,
  10.478041398040912
 ],
 "ndcg": [
  0.8133059619526567,
  0.14317091527689202
 ],
 "ndcg@03": [
  0.6048045710582346,
  0.2900078280327038
 ],
 "ndcg@05": [
  0.6411246216579973,
  0.255435594304656
 ],
 "ndcg@10": [
  0.7036216215654785,
  0.2241637295414388
 ],
 "ndcg@20": [
  0.7580521482908713,
  0.1861792175956607
 ],
 "precision@01": [
  0.44245837414299705,
  0.49667792511217235
 ],
 "precision@03": [
  0.3567580803134182,
  0.28468122917251704
 ],
 "precision@05": [
  0.3022526934378061,
  0.2247314619175636
 ],
 "precision@10": [
  0.22524485798237026,
  0.16494089341569687
 ],
 "precision@20": [
  0.15048971596474045,
  0.11877911063165214
 ],
 "recall@01": [
  0.19984301077371192,
  0.3139719987951622
 ],
 "recall@03": [
  0.4131436644933079,
  0.3812030391678279
 ],
 "recall@05": [
  0.536264755525461,
  0.38302219856830855
 ],
 "recall@10": [
  0.7160962426319295,
  0.3422531335643652
 ],
 "recall@20": [
  0.8647886755691172,
  0.24871411178310704
 ],
 "relevant rank": [
  13.360581461204456,
  14.22009776446321
 ],
 "relevant rank per query": [
  51.986532810969635,
  98.56173863149347
 ]
}