{
 "dcg": [
  15.068884995271215,
  10.940199175264695
 ],
 "dcg@03": [
  3.631651517479047,
  3.205653483630857
 ],
 "dcg@05": [
  5.12558515508241,
  3.960422822881023
 ],
 "dcg@10": [
  8.02958730043863,
  5.403758660538408
 ],
 "dcg@20": [
  11.06836902697567,
  7.001077755240219
 ],
 "ndcg": [
  0.6902725760214441,
  0.1608918476018255
 ],
 "ndcg@03": [
  0.3656680255422216,
  0.28798555337232573
 ],
 "ndcg@05": [
  0.4136945340551332,
  0.2742660491332632
 ],
 "ndcg@10": [
  0.5115045872881577,
  0.26249460778126227
 ],
 "ndcg@20": [
  0.5960423851515151,
  0.22561178608156315
 ],
 "precision@01": [
  0.0920666013712047,
  0.28911994445759076
 ],
 "precision@03": [
  0.09867776689520077,
  0.19440255487746472
 ],
 "precision@05": [
  0.10342801175318317,
  0.1635131026234395
 ],
 "precision@10": [
  0.11689520078354555,
  0.13005143933139804
 ],
 "precision@20": [
  0.10335455435847209,
  0.09455556461949499
 ],
 "recall@01": [
  0.029341281706027993,
  0.12194132061777865
 ],
 "recall@03": [
  0.09673371275086645,
  0.22583801522475092
 ],
 "recall@05": [
  0.17239039535788742,
  0.3007838275272508
 ],
 "recall@10": [
  0.4108168628224334,
  0.4193439255104344
 ],
 "recall@20": [
  0.6447303200057637,
  0.3986182496198861
 ],
 "relevant rank": [
  22.830910578314768,
  17.270145429227934
 ],
 "relevant rank per query": [
  88.83594515181196,
  139.75435817044362
 ]
}