{
 "dcg": [
  18.374302246060456,
  13.357315244897249
 ],
 "dcg@03": [
  7.570018675140644,
  5.9085484028280835
 ],
 "dcg@05": [
  9.671864604193473,
  6.852050821152727
 ],
 "dcg@10": [
  12.73176556881844,
  8.322224799603719
 ],
 "dcg@20": [
  15.591207188114426,
  10.22531723826451
 ],
 "ndcg": [
  0.8140772323507799,
  0.1403669685130855
 ],
 "ndcg@03": [
  0.6114822895347162,
  0.28003547195281736
 ],
 "ndcg@05": [
  0.6485911173605535,
  0.24545055884306807
 ],
 "ndcg@10": [
  0.7078333188557671,
  0.2136400635580219
 ],
 "ndcg@20": [
  0.7619224366223668,
  0.17849906754962291
 ],
 "precision@01": [
  0.4299706170421156,
  0.4950715963601002
 ],
 "precision@03": [
  0.358063989552726,
  0.28581092204784525
 ],
 "precision@05": [
  0.30411361410381976,
  0.2254448705079768
 ],
 "precision@10": [
  0.22323702252693442,
  0.16182178332904637
 ],
 "precision@20": [
  0.15044074436826643,
  0.11679926469014668
 ],
 "recall@01": [
  0.17995184012365972,
  0.29682505418076
 ],
 "recall@03": [
  0.40492945502070915,
  0.3734184669153172
 ],
 "recall@05": [
  0.5327878338298836,
  0.3781135040748659
 ],
 "recall@10": [
  0.7095423708469326,
  0.33951251215698053
 ],
 "recall@20": [
  0.8687395808986454,
  0.24306552185630115
 ],
 "relevant rank": [
  13.275061355484237,
  13.968632449840339
 ],
 "relevant rank per query": [
  51.6537708129285,
  97.23216109803732
 ]
}