{
 "dcg": [
  18.415459654275384,
  13.44571287255461
 ],
 "dcg@03": [
  7.588135413953808,
  5.9697433430875515
 ],
 "dcg@05": [
  9.710307309581626,
  6.925680927797955
 ],
 "dcg@10": [
  12.785775241919003,
  8.422713676169575
 ],
 "dcg@20": [
  15.644436513080333,
  10.321905046041104
 ],
 "ndcg": [
  0.8144902082812399,
  0.14057168893716243
 ],
 "ndcg@03": [
  0.6118904809200616,
  0.28043835315685356
 ],
 "ndcg@05": [
  0.6497492335595871,
  0.24652214855336033
 ],
 "ndcg@10": [
  0.7089201775219898,
  0.21384034582645348
 ],
 "ndcg@20": [
  0.7628354511014529,
  0.17766066900070757
 ],
 "precision@01": [
  0.43535749265426055,
  0.49580373762614577
 ],
 "precision@03": [
  0.35667646098596145,
  0.28616537023669075
 ],
 "precision@05": [
  0.30470127326150837,
  0.22586742986754504
 ],
 "precision@10": [
  0.2231145935357493,
  0.16267684746705088
 ],
 "precision@20": [
  0.15048971596474045,
  0.11710265360323115
 ],
 "recall@01": [
  0.18101555417303186,
  0.29638907720805047
 ],
 "recall@03": [
  0.40062090744595413,
  0.3727812708170206
 ],
 "recall@05": [
  0.534237916718814,
  0.37837091241655696
 ],
 "recall@10": [
  0.7069677854602873,
  0.3433364974098659
 ],
 "recall@20": [
  0.8672726549288224,
  0.24458163222630913
 ],
 "relevant rank": [
  13.27594235730917,
  13.956874598103173
 ],
 "relevant rank per query": [
  51.657198824681686,
  97.0394773084965
 ]
}