{
 "dcg": [
  18.432841221186887,
  13.501131674708478
 ],
 "dcg@03": [
  7.661819524699917,
  6.165030573490114
 ],
 "dcg@05": [
  9.721937777742186,
  7.109669169258751
 ],
 "dcg@10": [
  12.79486295941428,
  8.601215163065802
 ],
 "dcg@20": [
  15.6108412089585,
  10.427789592609829
 ],
 "ndcg": [
  0.8134903470720161,
  0.14208467311762732
 ],
 "ndcg@03": [
  0.611255527263367,
  0.28342521364696804
 ],
 "ndcg@05": [
  0.6456079694695829,
  0.2508019657071246
 ],
 "ndcg@10": [
  0.7060958140058134,
  0.2177348979617024
 ],
 "ndcg@20": [
  0.7593330091259888,
  0.18221503510525847
 ],
 "precision@01": [
  0.45102840352595497,
  0.49759600353980266
 ],
 "precision@03": [
  0.3613287626509957,
  0.29107748911501136
 ],
 "precision@05": [
  0.30328109696376104,
  0.22567562795972468
 ],
 "precision@10": [
  0.2239960822722821,
  0.16415305435475513
 ],
 "precision@20": [
  0.15003672869735554,
  0.11680795167122686
 ],
 "recall@01": [
  0.18965347144272013,
  0.30145145095989573
 ],
 "recall@03": [
  0.40734430388688836,
  0.3765431639664404
 ],
 "recall@05": [
  0.5326590883135689,
  0.3813621607298797
 ],
 "recall@10": [
  0.7096335705538782,
  0.3423207507486259
 ],
 "recall@20": [
  0.866383631644253,
  0.24649235712620435
 ],
 "relevant rank": [
  13.276634573028758,
  14.063812413767867
 ],
 "relevant rank per query": [
  51.65989226248776,
  97.24788165998127
 ]
}