{
 "dcg": [
  18.465498238012042,
  13.549876128032528
 ],
 "dcg@03": [
  7.670616823691703,
  6.213637490058108
 ],
 "dcg@05": [
  9.75564022410346,
  7.1622943422897976
 ],
 "dcg@10": [
  12.810399009494528,
  8.62224617536457
 ],
 "dcg@20": [
  15.653549392836869,
  10.471793707791187
 ],
 "ndcg": [
  0.8155555129777737,
  0.1417798324225561
 ],
 "ndcg@03": [
  0.612381525431512,
  0.2840552522893662
 ],
 "ndcg@05": [
  0.648309616035183,
  0.2498314907403014
 ],
 "ndcg@10": [
  0.7081604557713735,
  0.21726503439853442
 ],
 "ndcg@20": [
  0.7620523159033729,
  0.18122513320709055
 ],
 "precision@01": [
  0.4566601371204701,
  0.4981181147936536
 ],
 "precision@03": [
  0.35749265426052884,
  0.28846519732530124
 ],
 "precision@05": [
  0.3024975514201763,
  0.22629241664152136
 ],
 "precision@10": [
  0.22108227228207641,
  0.1622826402522954
 ],
 "precision@20": [
  0.14960822722820763,
  0.11685707591276938
 ],
 "recall@01": [
  0.19026691416376182,
  0.30013140350273043
 ],
 "recall@03": [
  0.4015507892700766,
  0.37432537502992574
 ],
 "recall@05": [
  0.5297469408163216,
  0.38081311245207183
 ],
 "recall@10": [
  0.7017285056526371,
  0.3453791187831191
 ],
 "recall@20": [
  0.8632151205303455,
  0.2491940232175361
 ],
 "relevant rank": [
  13.399786042413945,
  14.133685639002746
 ],
 "relevant rank per query": [
  52.13907933398629,
  97.68765437140081
 ]
}