{
 "dcg": [
  18.625247503051153,
  13.662185483989596
 ],
 "dcg@03": [
  7.877231106378711,
  6.331279265751933
 ],
 "dcg@05": [
  9.951500972759607,
  7.2463419276836
 ],
 "dcg@10": [
  13.030502577956554,
  8.733904145955945
 ],
 "dcg@20": [
  15.866286963146713,
  10.61618817807684
 ],
 "ndcg": [
  0.8209216858014223,
  0.14020736184671503
 ],
 "ndcg@03": [
  0.6233646683293916,
  0.2806109325918715
 ],
 "ndcg@05": [
  0.6583235062799299,
  0.24635620403290406
 ],
 "ndcg@10": [
  0.717007199368835,
  0.21375516155761573
 ],
 "ndcg@20": [
  0.7695896990891434,
  0.17803909238399307
 ],
 "precision@01": [
  0.470617042115573,
  0.4991358951086988
 ],
 "precision@03": [
  0.3703068886712373,
  0.28988614863065193
 ],
 "precision@05": [
  0.3106268364348678,
  0.22786901667560433
 ],
 "precision@10": [
  0.22698334965719882,
  0.16528137264060627
 ],
 "precision@20": [
  0.15189764936336927,
  0.11866956858309058
 ],
 "recall@01": [
  0.20104208915650562,
  0.3090608085202741
 ],
 "recall@03": [
  0.41463573038525076,
  0.3736081537441546
 ],
 "recall@05": [
  0.5435958435329549,
  0.377693782515971
 ],
 "recall@10": [
  0.7173018142422845,
  0.339246446176158
 ],
 "recall@20": [
  0.872718642160478,
  0.2405132894845048
 ],
 "relevant rank": [
  12.950223396891323,
  13.802087403100867
 ],
 "relevant rank per query": [
  50.3898139079334,
  96.00592922671117
 ]
}