{
 "dcg": [
  18.440767010000595,
  13.500904427434405
 ],
 "dcg@03": [
  7.650790078087311,
  6.0616553338458035
 ],
 "dcg@05": [
  9.741183039692327,
  7.024873673643354
 ],
 "dcg@10": [
  12.816465127617287,
  8.491283931525329
 ],
 "dcg@20": [
  15.650183898750107,
  10.364831092888169
 ],
 "ndcg": [
  0.8142927631537749,
  0.14130265734640649
 ],
 "ndcg@03": [
  0.6126176165149405,
  0.28010210789688383
 ],
 "ndcg@05": [
  0.6487820664254557,
  0.24654534789296495
 ],
 "ndcg@10": [
  0.7086905906214829,
  0.21388807052296457
 ],
 "ndcg@20": [
  0.7619824851511039,
  0.17877693765726987
 ],
 "precision@01": [
  0.4370714985308521,
  0.49602419669089465
 ],
 "precision@03": [
  0.3599412340842311,
  0.2875881991292766
 ],
 "precision@05": [
  0.30450538687561224,
  0.22600147178750776
 ],
 "precision@10": [
  0.22365328109696378,
  0.1632606457600081
 ],
 "precision@20": [
  0.15024485798237025,
  0.11724447609517864
 ],
 "recall@01": [
  0.18191585304286206,
  0.296144461280718
 ],
 "recall@03": [
  0.4025653877864849,
  0.37064163059364813
 ],
 "recall@05": [
  0.5287665629348767,
  0.37699487846055985
 ],
 "recall@10": [
  0.7066065318456886,
  0.34290437639739146
 ],
 "recall@20": [
  0.8670828588816024,
  0.24455216524546147
 ],
 "relevant rank": [
  13.28884274117425,
  14.007248884823083
 ],
 "relevant rank per query": [
  51.70739471106758,
  97.30784995693746
 ]
}