{
 "dcg": [
  18.85150485177271,
  13.876233432594207
 ],
 "dcg@03": [
  8.19177978247761,
  6.540390010318057
 ],
 "dcg@05": [
  10.25562874547152,
  7.478070745482015
 ],
 "dcg@10": [
  13.28700339031522,
  8.932866714686423
 ],
 "dcg@20": [
  16.12171686829712,
  10.820854330762696
 ],
 "ndcg": [
  0.8282828928085362,
  0.139541841543383
 ],
 "ndcg@03": [
  0.6416875603006724,
  0.27883668899902847
 ],
 "ndcg@05": [
  0.6723412954413507,
  0.24435107611672963
 ],
 "ndcg@10": [
  0.7270358816924293,
  0.21128425534141107
 ],
 "ndcg@20": [
  0.7783215504242692,
  0.1759745732142514
 ],
 "precision@01": [
  0.52179236043095,
  0.499524867275742
 ],
 "precision@03": [
  0.38450865164871034,
  0.29231548217832076
 ],
 "precision@05": [
  0.31865817825661125,
  0.22953891035189508
 ],
 "precision@10": [
  0.22859941234084236,
  0.16577924844837824
 ],
 "precision@20": [
  0.15210577864838393,
  0.11802207074552488
 ],
 "recall@01": [
  0.21980161326926842,
  0.31448741209233716
 ],
 "recall@03": [
  0.4296223067329014,
  0.3730526791244765
 ],
 "recall@05": [
  0.5531865422365821,
  0.37578386860352
 ],
 "recall@10": [
  0.7219909938515873,
  0.33596424454333845
 ],
 "recall@20": [
  0.8761732039271412,
  0.23321546407243415
 ],
 "relevant rank": [
  12.841293814108615,
  13.826527003230574
 ],
 "relevant rank per query": [
  49.96596474045054,
  95.26375349494616
 ]
}