{
 "dcg": [
  18.561063341913034,
  13.617259920510772
 ],
 "dcg@03": [
  7.82441957529445,
  6.212727994183887
 ],
 "dcg@05": [
  9.886560597560164,
  7.168915588971337
 ],
 "dcg@10": [
  12.95178642426188,
  8.680310493477133
 ],
 "dcg@20": [
  15.788049250771195,
  10.540053116954592
 ],
 "ndcg": [
  0.8183919965700721,
  0.1402800447933098
 ],
 "ndcg@03": [
  0.6213474951207877,
  0.27942226705917217
 ],
 "ndcg@05": [
  0.6544368013791486,
  0.24668404861507112
 ],
 "ndcg@10": [
  0.7129034057982375,
  0.21463755679869678
 ],
 "ndcg@20": [
  0.7662426508434138,
  0.1784484457111249
 ],
 "precision@01": [
  0.46376101860920665,
  0.4986850070212234
 ],
 "precision@03": [
  0.37087822396343456,
  0.28769274276206563
 ],
 "precision@05": [
  0.3088638589618022,
  0.22621915231483128
 ],
 "precision@10": [
  0.22632223310479924,
  0.1640724678801014
 ],
 "precision@20": [
  0.15133447600391772,
  0.11777111708744277
 ],
 "recall@01": [
  0.19387708439672832,
  0.302715048128523
 ],
 "recall@03": [
  0.41723229661300615,
  0.3750714955664818
 ],
 "recall@05": [
  0.5400301774933753,
  0.37934298713903986
 ],
 "recall@10": [
  0.7154676456533229,
  0.33817507182280987
 ],
 "recall@20": [
  0.8711659053149998,
  0.24187433086202956
 ],
 "relevant rank": [
  13.036624504436473,
  13.880302884457176
 ],
 "relevant rank per query": [
  50.726003917727716,
  95.76394521085012
 ]
}