{
 "dcg": [
  16.271500878237916,
  11.688320630055545
 ],
 "dcg@03": [
  4.88326076295087,
  4.1633230256839555
 ],
 "dcg@05": [
  6.689908273391226,
  5.0348109307702416
 ],
 "dcg@10": [
  9.78196169262427,
  6.439411705892249
 ],
 "dcg@20": [
  12.903750620154906,
  8.202646581280268
 ],
 "ndcg": [
  0.7404675078725468,
  0.15928062965783285
 ],
 "ndcg@03": [
  0.4585305871990138,
  0.3038717083114586
 ],
 "ndcg@05": [
  0.507175489474762,
  0.2809286722738385
 ],
 "ndcg@10": [
  0.5936606586752292,
  0.2535452710354387
 ],
 "ndcg@20": [
  0.6686459266866035,
  0.2108747858589691
 ],
 "precision@01": [
  0.16699314397649365,
  0.3729697492308722
 ],
 "precision@03": [
  0.16895200783545544,
  0.239867469809362
 ],
 "precision@05": [
  0.16762977473065624,
  0.1946396355136275
 ],
 "precision@10": [
  0.15668462291870716,
  0.14474766942746095
 ],
 "precision@20": [
  0.1265181194906954,
  0.10486814590827098
 ],
 "recall@01": [
  0.0657414024021981,
  0.1943704273428588
 ],
 "recall@03": [
  0.1885316061705832,
  0.3138958068911224
 ],
 "recall@05": [
  0.30772277344577703,
  0.3782409971469642
 ],
 "recall@10": [
  0.5366463812703769,
  0.4154958616967835
 ],
 "recall@20": [
  0.7666415179640746,
  0.3358807578340195
 ],
 "relevant rank": [
  18.340570134038135,
  15.634236537593845
 ],
 "relevant rank per query": [
  71.36385896180215,
  120.98574205663574
 ]
}