{
 "dcg": [
  18.148188405383575,
  13.327894484863268
 ],
 "dcg@03": [
  7.237914169709771,
  5.97500736763581
 ],
 "dcg@05": [
  9.231465483139127,
  6.789594648266948
 ],
 "dcg@10": [
  12.342293298300817,
  8.23323500858029
 ],
 "dcg@20": [
  15.272583665984135,
  10.121517317982276
 ],
 "ndcg": [
  0.800450977916282,
  0.14818733399466746
 ],
 "ndcg@03": [
  0.5822403455007923,
  0.29113432834163006
 ],
 "ndcg@05": [
  0.6189810764500526,
  0.25839087686391826
 ],
 "ndcg@10": [
  0.686272863444604,
  0.22467087578769077
 ],
 "ndcg@20": [
  0.7450315156449966,
  0.18678728090415922
 ],
 "precision@01": [
  0.41723800195886385,
  0.49310288143574965
 ],
 "precision@03": [
  0.31766242246163895,
  0.27742802008183876
 ],
 "precision@05": [
  0.2724779627815867,
  0.21174298993044427
 ],
 "precision@10": [
  0.20991674828599416,
  0.1553867656459463
 ],
 "precision@20": [
  0.14658423114593538,
  0.11281702531489872
 ],
 "recall@01": [
  0.17690438466581715,
  0.29370013898689085
 ],
 "recall@03": [
  0.36127305655406955,
  0.3672569038664198
 ],
 "recall@05": [
  0.48448613815558617,
  0.3791673757778936
 ],
 "recall@10": [
  0.6773880711553582,
  0.3510420454708446
 ],
 "recall@20": [
  0.8553336133761263,
  0.25170571786527385
 ],
 "relevant rank": [
  14.238499779749544,
  14.530597364158224
 ],
 "relevant rank per query": [
  55.40254652301665,
  101.626855122334
 ]
}