{
 "dcg": [
  17.39183157126413,
  12.727617993394771
 ],
 "dcg@03": [
  6.180338106014339,
  4.8816109159225265
 ],
 "dcg@05": [
  8.293393051150874,
  5.870059226543875
 ],
 "dcg@10": [
  11.494667448807625,
  7.41302390663909
 ],
 "dcg@20": [
  14.429214088693294,
  9.341622697657957
 ],
 "ndcg": [
  0.7784396547019158,
  0.14833541815726806
 ],
 "ndcg@03": [
  0.536207488767794,
  0.2907463620151075
 ],
 "ndcg@05": [
  0.5839066136021543,
  0.25792857933462404
 ],
 "ndcg@10": [
  0.6592114964459819,
  0.2243479176988454
 ],
 "ndcg@20": [
  0.7201266158531875,
  0.18719101133169028
 ],
 "precision@01": [
  0.2754652301665034,
  0.44674840473785543
 ],
 "precision@03": [
  0.26216127979105447,
  0.27351901932450623
 ],
 "precision@05": [
  0.24608227228207644,
  0.21442090905069783
 ],
 "precision@10": [
  0.20100391772771795,
  0.15415076820511256
 ],
 "precision@20": [
  0.14266650342801176,
  0.1119542610029917
 ],
 "recall@01": [
  0.100264145406795,
  0.2277213382042339
 ],
 "recall@03": [
  0.28203787856192436,
  0.3476254786423373
 ],
 "recall@05": [
  0.4264830125455587,
  0.38177560153212314
 ],
 "recall@10": [
  0.6438441751456729,
  0.36879098522234427
 ],
 "recall@20": [
  0.8330178752108007,
  0.27841693499776643
 ],
 "relevant rank": [
  15.14624630293877,
  14.741478562470887
 ],
 "relevant rank per query": [
  58.93462291870715,
  104.30545150937114
 ]
}