{
 "dcg": [
  18.96050344678609,
  14.053569498923757
 ],
 "dcg@03": [
  8.315425175810486,
  6.771729950117085
 ],
 "dcg@05": [
  10.361844549807453,
  7.680177774693277
 ],
 "dcg@10": [
  13.422993408228256,
  9.149873917418935
 ],
 "dcg@20": [
  16.26066792553369,
  11.057620396612519
 ],
 "ndcg": [
  0.8308108633469599,
  0.14064954860347584
 ],
 "ndcg@03": [
  0.6463528364353178,
  0.2818449422303025
 ],
 "ndcg@05": [
  0.6760857435644069,
  0.24698465295368685
 ],
 "ndcg@10": [
  0.7311180448336977,
  0.2124114377901467
 ],
 "ndcg@20": [
  0.7817537396265559,
  0.1767095192116546
 ],
 "precision@01": [
  0.5310969637610186,
  0.4990320419019663
 ],
 "precision@03": [
  0.3896506692784851,
  0.3002439931082424
 ],
 "precision@05": [
  0.31895200783545546,
  0.23391083513534788
 ],
 "precision@10": [
  0.22948090107737512,
  0.16690600637287098
 ],
 "precision@20": [
  0.15352595494613125,
  0.12052389947620339
 ],
 "recall@01": [
  0.224468225181374,
  0.31556205871836895
 ],
 "recall@03": [
  0.42925314137587184,
  0.37398990542849186
 ],
 "recall@05": [
  0.5499450219958114,
  0.37569324825129413
 ],
 "recall@10": [
  0.7250880471294077,
  0.33585154675453427
 ],
 "recall@20": [
  0.879055828000935,
  0.231872915830909
 ],
 "relevant rank": [
  12.635894531495815,
  13.639508861611612
 ],
 "relevant rank per query": [
  49.166748285994125,
  94.14709072807581
 ]
}