{
 "dcg": [
  18.519000872999058,
  13.66563642879812
 ],
 "dcg@03": [
  7.697705422955565,
  6.174217345035964
 ],
 "dcg@05": [
  9.773511802886535,
  7.126738359505741
 ],
 "dcg@10": [
  12.861340091768719,
  8.5886936129855
 ],
 "dcg@20": [
  15.763366055332943,
  10.564885924190735
 ],
 "ndcg": [
  0.8164448071428823,
  0.14420473645105694
 ],
 "ndcg@03": [
  0.6170955331814408,
  0.2850906992469382
 ],
 "ndcg@05": [
  0.6513943709983171,
  0.25212751294827607
 ],
 "ndcg@10": [
  0.7116780355136666,
  0.21650899806750729
 ],
 "ndcg@20": [
  0.7655769473527054,
  0.18032683357072268
 ],
 "precision@01": [
  0.46767874632713025,
  0.49895424295321306
 ],
 "precision@03": [
  0.3508814887365328,
  0.28964806530480586
 ],
 "precision@05": [
  0.2969147894221351,
  0.22899576699011814
 ],
 "precision@10": [
  0.22047012732615084,
  0.16313581808089858
 ],
 "precision@20": [
  0.15069784524975516,
  0.11807768067303807
 ],
 "recall@01": [
  0.19287169985411323,
  0.29997670029238155
 ],
 "recall@03": [
  0.3859110683534538,
  0.36874856063971145
 ],
 "recall@05": [
  0.511849929959639,
  0.38025145157239487
 ],
 "recall@10": [
  0.7009477360675972,
  0.3480531370731013
 ],
 "recall@20": [
  0.8668572912365582,
  0.2467496566514315
 ],
 "relevant rank": [
  13.308224781322762,
  13.922161768983994
 ],
 "relevant rank per query": [
  51.78281096963761,
  96.99747610402524
 ]
}