{
 "dcg": [
  17.716690762399274,
  12.934128966265623
 ],
 "dcg@03": [
  6.646925149220457,
  5.560044726738091
 ],
 "dcg@05": [
  8.68103657709325,
  6.404871273142206
 ],
 "dcg@10": [
  11.815829244691184,
  7.869754370148108
 ],
 "dcg@20": [
  14.752639090136675,
  9.697996422078385
 ],
 "ndcg": [
  0.786303185005156,
  0.15154249192805486
 ],
 "ndcg@03": [
  0.5514757916381888,
  0.2969332099476363
 ],
 "ndcg@05": [
  0.5946246004544798,
  0.26392759810634825
 ],
 "ndcg@10": [
  0.6660547572781115,
  0.2309999824310455
 ],
 "ndcg@20": [
  0.7273458527512792,
  0.1931113063262478
 ],
 "precision@01": [
  0.3479431929480901,
  0.47631788485126014
 ],
 "precision@03": [
  0.28566764609859613,
  0.27424793610777404
 ],
 "precision@05": [
  0.25602350636630755,
  0.20997517561367426
 ],
 "precision@10": [
  0.20347698334965722,
  0.15421805767654026
 ],
 "precision@20": [
  0.14345004897159647,
  0.1124773225701693
 ],
 "recall@01": [
  0.1489052960862977,
  0.2787702480805291
 ],
 "recall@03": [
  0.3311441176990043,
  0.3703186011903894
 ],
 "recall@05": [
  0.460977566376119,
  0.3848588075760929
 ],
 "recall@10": [
  0.6611284511786208,
  0.3615194652428965
 ],
 "recall@20": [
  0.8393744864233488,
  0.268419629378914
 ],
 "relevant rank": [
  14.860612925555346,
  14.798557709390177
 ],
 "relevant rank per query": [
  57.8232125367287,
  103.68685947826326
 ]
}