{
 "dcg": [
  16.299379693620644,
  12.09209286871764
 ],
 "dcg@03": [
  4.986049071100877,
  5.016644560160071
 ],
 "dcg@05": [
  6.7822424520468285,
  5.9172519569024615
 ],
 "dcg@10": [
  9.80673164913181,
  7.289122689042857
 ],
 "dcg@20": [
  12.863613553804646,
  8.905221652959044
 ],
 "ndcg": [
  0.7238506453821183,
  0.16103929075169496
 ],
 "ndcg@03": [
  0.4231390048153937,
  0.30412214846190333
 ],
 "ndcg@05": [
  0.47518873068493855,
  0.2845586728549598
 ],
 "ndcg@10": [
  0.5649677829073864,
  0.2633060386618336
 ],
 "ndcg@20": [
  0.644012998883994,
  0.22108306934550007
 ],
 "precision@01": [
  0.22012732615083253,
  0.41433233814477666
 ],
 "precision@03": [
  0.20380346065948415,
  0.25682056709645934
 ],
 "precision@05": [
  0.1938785504407444,
  0.20520108133452086
 ],
 "precision@10": [
  0.17091087169441724,
  0.14774190936191467
 ],
 "precision@20": [
  0.13246816846229187,
  0.10642867055100651
 ],
 "recall@01": [
  0.08824901561265132,
  0.22097262694677278
 ],
 "recall@03": [
  0.23298381941439839,
  0.3391088363766204
 ],
 "recall@05": [
  0.35626463103856476,
  0.39022663753482756
 ],
 "recall@10": [
  0.5775843492430284,
  0.4063827583666371
 ],
 "recall@20": [
  0.7889573927906477,
  0.3198635622997534
 ],
 "relevant rank": [
  17.311622931218928,
  15.751193913482235
 ],
 "relevant rank per query": [
  67.3601860920666,
  117.75234969432839
 ]
}