{
 "dcg": [
  18.48967929718819,
  13.694188643922782
 ],
 "dcg@03": [
  7.714068761585224,
  6.378421012923823
 ],
 "dcg@05": [
  9.709612779654938,
  7.2123333623466035
 ],
 "dcg@10": [
  12.746340978229155,
  8.598329023139787
 ],
 "dcg@20": [
  15.653561368149036,
  10.527344972073893
 ],
 "ndcg": [
  0.8122855483365067,
  0.14659213074151276
 ],
 "ndcg@03": [
  0.6083003037462629,
  0.2885100746845743
 ],
 "ndcg@05": [
  0.641872930127498,
  0.2536377209276496
 ],
 "ndcg@10": [
  0.702592564052515,
  0.22016867495701528
 ],
 "ndcg@20": [
  0.7585027917465864,
  0.18464672854848016
 ],
 "precision@01": [
  0.4816356513222331,
  0.4996626368837692
 ],
 "precision@03": [
  0.3460659484165851,
  0.28645374793248257
 ],
 "precision@05": [
  0.2899118511263467,
  0.2205551096269761
 ],
 "precision@10": [
  0.2147404505386876,
  0.15719179916015158
 ],
 "precision@20": [
  0.14855533790401568,
  0.11467545279808175
 ],
 "recall@01": [
  0.20103789651112924,
  0.30470434554351106
 ],
 "recall@03": [
  0.3805102015214039,
  0.36641552962973256
 ],
 "recall@05": [
  0.5051057175660805,
  0.3766584883348227
 ],
 "recall@10": [
  0.6883231173827824,
  0.34608359047888443
 ],
 "recall@20": [
  0.8631240635026557,
  0.2455149447714831
 ],
 "relevant rank": [
  13.800641872758165,
  14.348447497732053
 ],
 "relevant rank per query": [
  53.69882468168462,
  99.24829807361398
 ]
}