{
 "dcg": [
  15.842847271233747,
  11.453158607306932
 ],
 "dcg@03": [
  4.292032089439045,
  3.250644133785295
 ],
 "dcg@05": [
  6.026685902451418,
  4.114869363401985
 ],
 "dcg@10": [
  9.188566548410611,
  5.772678055315847
 ],
 "dcg@20": [
  12.354824733957742,
  7.655942917340144
 ],
 "ndcg": [
  0.7243625261732826,
  0.16180035769692463
 ],
 "ndcg@03": [
  0.42831107897294,
  0.29716255198126873
 ],
 "ndcg@05": [
  0.47772681937343403,
  0.27800831038804424
 ],
 "ndcg@10": [
  0.5701102434427918,
  0.25504113373576337
 ],
 "ndcg@20": [
  0.6483855311942135,
  0.21369765037149832
 ],
 "precision@01": [
  0.12291870714985309,
  0.3283438724606594
 ],
 "precision@03": [
  0.12830558276199805,
  0.21423081853238288
 ],
 "precision@05": [
  0.13765915768854065,
  0.18108932916921833
 ],
 "precision@10": [
  0.1465230166503428,
  0.1445387025738516
 ],
 "precision@20": [
  0.12299216454456416,
  0.10413351699016413
 ],
 "recall@01": [
  0.04069733217775634,
  0.14750378714529927
 ],
 "recall@03": [
  0.13006683899089858,
  0.26299311083222615
 ],
 "recall@05": [
  0.2353753142456509,
  0.3414793525804757
 ],
 "recall@10": [
  0.4857456223074523,
  0.4159782484621774
 ],
 "recall@20": [
  0.7370608684127823,
  0.35391861512447736
 ],
 "relevant rank": [
  18.948146749732555,
  15.358561912128046
 ],
 "relevant rank per query": [
  73.72796278158668,
  117.87381278765652
 ]
}