{
 "dcg": [
  18.833830308815994,
  13.962349835417616
 ],
 "dcg@03": [
  8.15981378775573,
  6.646094752801159
 ],
 "dcg@05": [
  10.170744370963428,
  7.579966942275551
 ],
 "dcg@10": [
  13.24371581731559,
  9.079197970163905
 ],
 "dcg@20": [
  16.1042107617077,
  10.962728006243644
 ],
 "ndcg": [
  0.8261945537899619,
  0.14260114505921875
 ],
 "ndcg@03": [
  0.6365958780773484,
  0.28351706266491655
 ],
 "ndcg@05": [
  0.6658685673317006,
  0.2505233722422698
 ],
 "ndcg@10": [
  0.7234810206262356,
  0.21676675811671536
 ],
 "ndcg@20": [
  0.7758687853792438,
  0.17996196109184642
 ],
 "precision@01": [
  0.5237512242899118,
  0.4994355607530668
 ],
 "precision@03": [
  0.3797747306562194,
  0.29254738698319493
 ],
 "precision@05": [
  0.31052889324191973,
  0.23280601988955574
 ],
 "precision@10": [
  0.22664054848188053,
  0.1683455737612014
 ],
 "precision@20": [
  0.15204456415279138,
  0.1196381132063195
 ],
 "recall@01": [
  0.22023944694547873,
  0.3136186607406687
 ],
 "recall@03": [
  0.41979558259879457,
  0.371358163738838
 ],
 "recall@05": [
  0.5375645720805458,
  0.37889836243863834
 ],
 "recall@10": [
  0.7150604402641141,
  0.34169067601557196
 ],
 "recall@20": [
  0.872988769558225,
  0.23965468042108598
 ],
 "relevant rank": [
  12.927380278144861,
  13.83422214655245
 ],
 "relevant rank per query": [
  50.30093046033301,
  95.71287144450767
 ]
}