{
 "dcg": [
  18.556769360559635,
  13.707114497629416
 ],
 "dcg@03": [
  7.7558719708686095,
  6.288783937909546
 ],
 "dcg@05": [
  9.82739353698241,
  7.204146529942645
 ],
 "dcg@10": [
  12.908348503745714,
  8.680002639295443
 ],
 "dcg@20": [
  15.816245371994802,
  10.638749938541174
 ],
 "ndcg": [
  0.8181835616140731,
  0.14412314923087
 ],
 "ndcg@03": [
  0.6199757993605177,
  0.28703519918614395
 ],
 "ndcg@05": [
  0.6542861983262754,
  0.2511761612966794
 ],
 "ndcg@10": [
  0.7136732319196999,
  0.21696824521940872
 ],
 "ndcg@20": [
  0.7677718948673508,
  0.18002490285588338
 ],
 "precision@01": [
  0.46131243878550443,
  0.4985010256832724
 ],
 "precision@03": [
  0.3539014038524323,
  0.2954496996929142
 ],
 "precision@05": [
  0.29980411361410386,
  0.23097536411346667
 ],
 "precision@10": [
  0.22103330068560237,
  0.1640596922845289
 ],
 "precision@20": [
  0.15112634671890304,
  0.11855295787550642
 ],
 "recall@01": [
  0.19022086989841533,
  0.299226884463163
 ],
 "recall@03": [
  0.3894845735149767,
  0.37181811202403686
 ],
 "recall@05": [
  0.5176001414517577,
  0.38187317002734295
 ],
 "recall@10": [
  0.7010211222221858,
  0.34901182765092437
 ],
 "recall@20": [
  0.8696532959167845,
  0.2428549938845046
 ],
 "relevant rank": [
  13.21043357875527,
  13.851983049510162
 ],
 "relevant rank per query": [
  51.40230166503428,
  96.55696660922409
 ]
}