{
 "dcg": [
  19.153806701057302,
  14.213727462247821
 ],
 "dcg@03": [
  8.595597475852383,
  7.000912159538811
 ],
 "dcg@05": [
  10.599523266109447,
  7.895155525477418
 ],
 "dcg@10": [
  13.64156732783389,
  9.378105734700283
 ],
 "dcg@20": [
  16.455158932882693,
  11.248241977503891
 ],
 "ndcg": [
  0.8366918228058129,
  0.14027250901087024
 ],
 "ndcg@03": [
  0.6587025168308478,
  0.2812751802078647
 ],
 "ndcg@05": [
  0.6853065970916089,
  0.24667621826756037
 ],
 "ndcg@10": [
  0.7382118910806187,
  0.21245464796530028
 ],
 "ndcg@20": [
  0.7878066258763102,
  0.17687676806224342
 ],
 "precision@01": [
  0.5790891283055828,
  0.4937052863641052
 ],
 "precision@03": [
  0.4049134835128958,
  0.2995749439580867
 ],
 "precision@05": [
  0.3253672869735553,
  0.23663695660965936
 ],
 "precision@10": [
  0.23241919686581783,
  0.16939404763128577
 ],
 "precision@20": [
  0.15364838393731636,
  0.1207891525063661
 ],
 "recall@01": [
  0.24760213087066077,
  0.3245415944386491
 ],
 "recall@03": [
  0.44739786633533074,
  0.37397790790487906
 ],
 "recall@05": [
  0.5587601870693515,
  0.37355616842501616
 ],
 "recall@10": [
  0.7317314041197767,
  0.33211062262687596
 ],
 "recall@20": [
  0.8798077690208441,
  0.22916638507369902
 ],
 "relevant rank": [
  12.515889497199673,
  13.693946823043573
 ],
 "relevant rank per query": [
  48.69980411361411,
  93.40179436686886
 ]
}