{
 "dcg": [
  18.568469505042707,
  13.727905799552595
 ],
 "dcg@03": [
  7.791015221353886,
  6.323496288478365
 ],
 "dcg@05": [
  9.829504109280004,
  7.226235268978596
 ],
 "dcg@10": [
  12.923435199379808,
  8.722283547571054
 ],
 "dcg@20": [
  15.825467517844647,
  10.661341725513022
 ],
 "ndcg": [
  0.8179965246688911,
  0.14441953594038537
 ],
 "ndcg@03": [
  0.6205740764425495,
  0.2871436387679453
 ],
 "ndcg@05": [
  0.6534926848631397,
  0.25172652950603613
 ],
 "ndcg@10": [
  0.7134513831913719,
  0.21737092309419923
 ],
 "ndcg@20": [
  0.7675134664051837,
  0.18042909445294855
 ],
 "precision@01": [
  0.46865817825661116,
  0.4990167233768881
 ],
 "precision@03": [
  0.35659484165850464,
  0.29409575267557037
 ],
 "precision@05": [
  0.2987267384916748,
  0.23024992757421792
 ],
 "precision@10": [
  0.22130264446620962,
  0.16489591731860648
 ],
 "precision@20": [
  0.151077375122429,
  0.11843976259157069
 ],
 "recall@01": [
  0.19357907935618118,
  0.3012290131955396
 ],
 "recall@03": [
  0.3926649919781552,
  0.3714397093288502
 ],
 "recall@05": [
  0.5157769761513136,
  0.3813012736496481
 ],
 "recall@10": [
  0.7019646218639432,
  0.34763873578578086
 ],
 "recall@20": [
  0.8690875257209364,
  0.24314537678566764
 ],
 "relevant rank": [
  13.269838273236424,
  13.93641658924877
 ],
 "relevant rank per query": [
  51.633447600391776,
  97.06170764444886
 ]
}