{
 "dcg": [
  16.703410434050276,
  12.102570161995061
 ],
 "dcg@03": [
  5.321894264362158,
  4.172133419653981
 ],
 "dcg@05": [
  7.230877755810324,
  5.022604331033317
 ],
 "dcg@10": [
  10.428512772528268,
  6.626296713240437
 ],
 "dcg@20": [
  13.570110145359234,
  8.571126496631738
 ],
 "ndcg": [
  0.7567481755945609,
  0.15662679205094204
 ],
 "ndcg@03": [
  0.49199385825082875,
  0.29946079140990167
 ],
 "ndcg@05": [
  0.5400295191561166,
  0.27246329934151253
 ],
 "ndcg@10": [
  0.6222110127754292,
  0.24196937604146826
 ],
 "ndcg@20": [
  0.6933504498577115,
  0.19997171789861984
 ],
 "precision@01": [
  0.19147894221351616,
  0.3934650643987457
 ],
 "precision@03": [
  0.19302970943519424,
  0.25314724871930205
 ],
 "precision@05": [
  0.1901077375122429,
  0.20141538385863264
 ],
 "precision@10": [
  0.17289422135161608,
  0.15014634576906
 ],
 "precision@20": [
  0.13500244857982371,
  0.10863084787737255
 ],
 "recall@01": [
  0.06923564718183191,
  0.19234085057521283
 ],
 "recall@03": [
  0.20358252047487338,
  0.3163824788864878
 ],
 "recall@05": [
  0.3314505152088822,
  0.3749259928084537
 ],
 "recall@10": [
  0.5667343745841994,
  0.3984738430713908
 ],
 "recall@20": [
  0.8006255303575028,
  0.3058705375994191
 ],
 "relevant rank": [
  16.74828519287647,
  14.836145182445977
 ],
 "relevant rank per query": [
  65.16821743388834,
  109.81791696280123
 ]
}