{
 "dcg": [
  18.873764329208093,
  13.898350624474686
 ],
 "dcg@03": [
  8.201123598935139,
  6.588339310921158
 ],
 "dcg@05": [
  10.245129733698215,
  7.494082836067448
 ],
 "dcg@10": [
  13.298486287256257,
  8.957872430971179
 ],
 "dcg@20": [
  16.157122195350375,
  10.870747597070114
 ],
 "ndcg": [
  0.8285865924472015,
  0.1401896145838002
 ],
 "ndcg@03": [
  0.6411509406976427,
  0.28090386789290267
 ],
 "ndcg@05": [
  0.6714525565499114,
  0.2459129129377567
 ],
 "ndcg@10": [
  0.726987568072142,
  0.2122963328130256
 ],
 "ndcg@20": [
  0.7790136713233738,
  0.17641522403100052
 ],
 "precision@01": [
  0.5239960822722821,
  0.4994238560937812
 ],
 "precision@03": [
  0.3792850146914789,
  0.2896342653714848
 ],
 "precision@05": [
  0.31405484818805096,
  0.23012221112995448
 ],
 "precision@10": [
  0.22732615083251717,
  0.16489868789387388
 ],
 "precision@20": [
  0.15275465230166504,
  0.11873528586772208
 ],
 "recall@01": [
  0.22142802526203306,
  0.31399806411132586
 ],
 "recall@03": [
  0.42521902197465966,
  0.37360868964059335
 ],
 "recall@05": [
  0.5458266377953526,
  0.3770642664322377
 ],
 "recall@10": [
  0.7194261035924931,
  0.33808363739601566
 ],
 "recall@20": [
  0.8786625990505864,
  0.2316126743298225
 ],
 "relevant rank": [
  12.836951733685734,
  13.763038033251403
 ],
 "relevant rank per query": [
  49.94906953966699,
  95.32750574330592
 ]
}