{
 "dcg": [
  19.021457524440564,
  14.42871274348034
 ],
 "dcg@03": [
  8.494656687379704,
  7.422192061104439
 ],
 "dcg@05": [
  10.43128267161708,
  8.32945818465924
 ],
 "dcg@10": [
  13.436763158526894,
  9.723995300403178
 ],
 "dcg@20": [
  16.23187433718947,
  11.518038567484535
 ],
 "ndcg": [
  0.8099481652148972,
  0.1738163384300357
 ],
 "ndcg@03": [
  0.6359110751787511,
  0.29020664458594375
 ],
 "ndcg@05": [
  0.661733618990774,
  0.2562437359685636
 ],
 "ndcg@10": [
  0.7185131586311035,
  0.2222733842588396
 ],
 "ndcg@20": [
  0.7702860445707513,
  0.18709708556045243
 ],
 "precision@01": [
  0.5580313418217434,
  0.49662094535608137
 ],
 "precision@03": [
  0.38401893568396994,
  0.30745855484177087
 ],
 "precision@05": [
  0.3093046033300686,
  0.2396978310579239
 ],
 "precision@10": [
  0.22568560235063664,
  0.17059524491903594
 ],
 "precision@20": [
  0.15071008814887366,
  0.12086747822694208
 ],
 "recall@01": [
  0.23839365389272074,
  0.3206613816421412
 ],
 "recall@03": [
  0.4149819509830561,
  0.37276723847791965
 ],
 "recall@05": [
  0.5228019690053625,
  0.37588892074370783
 ],
 "recall@10": [
  0.7032179332065098,
  0.34519689834403355
 ],
 "recall@20": [
  0.8591875195645446,
  0.25268319293057534
 ],
 "relevant rank": [
  13.251588949719967,
  14.34505189821768
 ],
 "relevant rank per query": [
  51.562438785504405,
  95.33154820817865
 ],
 "w": [
  0.8334086200699767,
  0.1274462572465502
 ]
}