{
 "dcg": [
  18.86483963820634,
  14.114249614997174
 ],
 "dcg@03": [
  8.317582799953954,
  7.1048967054623215
 ],
 "dcg@05": [
  10.253407219965231,
  8.004794801777503
 ],
 "dcg@10": [
  13.210322079310215,
  9.385135164936978
 ],
 "dcg@20": [
  16.007128157629637,
  11.126603477926281
 ],
 "ndcg": [
  0.8066111350117432,
  0.17338476739582412
 ],
 "ndcg@03": [
  0.6278474038818997,
  0.28587826175786407
 ],
 "ndcg@05": [
  0.6552130303504172,
  0.2531173261206851
 ],
 "ndcg@10": [
  0.7111571721324259,
  0.2220908345795876
 ],
 "ndcg@20": [
  0.7647380008954785,
  0.1875439406675557
 ],
 "precision@01": [
  0.5516650342801175,
  0.4973235609066137
 ],
 "precision@03": [
  0.3821416911524649,
  0.2963685332304778
 ],
 "precision@05": [
  0.30582761998041136,
  0.23111390965741693
 ],
 "precision@10": [
  0.21990695396669935,
  0.1641852563245116
 ],
 "precision@20": [
  0.14789422135161606,
  0.11709519878608252
 ],
 "recall@01": [
  0.23865516550667482,
  0.32272797622805915
 ],
 "recall@03": [
  0.42349966168009906,
  0.37292912848661797
 ],
 "recall@05": [
  0.5259723004854611,
  0.3757675641637284
 ],
 "recall@10": [
  0.6944588634628572,
  0.34706957908847424
 ],
 "recall@20": [
  0.8523152940585818,
  0.25596404575930715
 ],
 "relevant rank": [
  13.59996224277893,
  14.512279372806443
 ],
 "relevant rank per query": [
  52.91797257590598,
  98.88316288557856
 ],
 "w": [
  0.8300529140163854,
  0.12299608243024121
 ]
}