{
 "dcg": [
  17.182176590847583,
  12.42737792882187
 ],
 "dcg@03": [
  5.931674472124478,
  4.833767713247519
 ],
 "dcg@05": [
  7.927793196167373,
  5.697812170222668
 ],
 "dcg@10": [
  11.140017024710074,
  7.208535290258582
 ],
 "dcg@20": [
  14.146460691772289,
  9.078105960769044
 ],
 "ndcg": [
  0.7993199340948985,
  0.17646124419550693
 ],
 "ndcg@03": [
  0.5134089784789361,
  0.29216033863238494
 ],
 "ndcg@05": [
  0.5607706079891689,
  0.2628426594211408
 ],
 "ndcg@10": [
  0.6406484196644864,
  0.23141998907967007
 ],
 "ndcg@20": [
  0.7069620962250803,
  0.1924194471682846
 ],
 "precision@01": [
  0.26518119490695397,
  0.441429641930256
 ],
 "precision@03": [
  0.24485798237022524,
  0.25394258484670906
 ],
 "precision@05": [
  0.22889324191968663,
  0.19952845823297455
 ],
 "precision@10": [
  0.19336434867776692,
  0.14789593007749943
 ],
 "precision@20": [
  0.1408790401567091,
  0.10909064989123415
 ],
 "recall@01": [
  0.10854675627849769,
  0.24274733376446106
 ],
 "recall@03": [
  0.2785847863020999,
  0.34692511859062053
 ],
 "recall@05": [
  0.4156290245130193,
  0.3831194223070309
 ],
 "recall@10": [
  0.6319491700487007,
  0.3721883761692744
 ],
 "recall@20": [
  0.8279472943630469,
  0.2766437430076183
 ],
 "relevant rank": [
  15.54200490843874,
  14.78273997022284
 ],
 "relevant rank per query": [
  60.4745347698335,
  105.56309803572047
 ],
 "w": [
  0.7497119100904537,
  0.12671812879150254
 ]
}