{
 "dcg": [
  18.648847122081005,
  13.93047868457943
 ],
 "dcg@03": [
  8.023985754863473,
  6.874966499837177
 ],
 "dcg@05": [
  9.924899207387874,
  7.7003755089669195
 ],
 "dcg@10": [
  12.902666376704271,
  9.081342279338093
 ],
 "dcg@20": [
  15.764739720010645,
  10.885963328424992
 ],
 "ndcg": [
  0.8031791114267582,
  0.17519193515898446
 ],
 "ndcg@03": [
  0.6115326381097417,
  0.2868713090311752
 ],
 "ndcg@05": [
  0.6407235275326497,
  0.2564913531778892
 ],
 "ndcg@10": [
  0.6999602162147943,
  0.2258695704669606
 ],
 "ndcg@20": [
  0.7561632154829431,
  0.18962115929416049
 ],
 "precision@01": [
  0.5166503428011753,
  0.49972268918331425
 ],
 "precision@03": [
  0.358390466862553,
  0.2850198686028938
 ],
 "precision@05": [
  0.29177277179236044,
  0.22129724224474226
 ],
 "precision@10": [
  0.21349167482859943,
  0.15824283703939412
 ],
 "precision@20": [
  0.14702497551420177,
  0.1144776424464718
 ],
 "recall@01": [
  0.2236887938793007,
  0.31730006924272036
 ],
 "recall@03": [
  0.40551624559966787,
  0.37409537615029803
 ],
 "recall@05": [
  0.5111318916389571,
  0.37992636872328917
 ],
 "recall@10": [
  0.6838733001186753,
  0.35021099956973084
 ],
 "recall@20": [
  0.8527534574832163,
  0.2544229377666502
 ],
 "relevant rank": [
  14.008180731231514,
  14.709365145225673
 ],
 "relevant rank per query": [
  54.506366307541626,
  100.60333278136427
 ],
 "w": [
  0.8199287416113636,
  0.12532433305814625
 ]
}