{
 "dcg": [
  18.599125480477014,
  13.946927595663846
 ],
 "dcg@03": [
  7.921147291021134,
  6.871018847504157
 ],
 "dcg@05": [
  9.82552220193404,
  7.69363733612148
 ],
 "dcg@10": [
  12.832032778509054,
  9.059894168153262
 ],
 "dcg@20": [
  15.715645681314324,
  10.888066131950435
 ],
 "ndcg": [
  0.8058786933406292,
  0.17424410502888765
 ],
 "ndcg@03": [
  0.6064494886889592,
  0.28835413327359793
 ],
 "ndcg@05": [
  0.6364074314575072,
  0.25650400869373674
 ],
 "ndcg@10": [
  0.6979055563273914,
  0.2252500078453908
 ],
 "ndcg@20": [
  0.7548276100582453,
  0.1884820558086318
 ],
 "precision@01": [
  0.5061214495592556,
  0.4999625264510266
 ],
 "precision@03": [
  0.343862226575253,
  0.2853539040146205
 ],
 "precision@05": [
  0.2809500489715965,
  0.22040715252000342
 ],
 "precision@10": [
  0.20991674828599413,
  0.15654851245481755
 ],
 "precision@20": [
  0.14594760039177276,
  0.11236639992518178
 ],
 "recall@01": [
  0.21124480376503502,
  0.30733810926528166
 ],
 "recall@03": [
  0.3819815618698497,
  0.3678344465722165
 ],
 "recall@05": [
  0.4933597944087512,
  0.3804282667550425
 ],
 "recall@10": [
  0.6749128084864263,
  0.35703656951552254
 ],
 "recall@20": [
  0.8499685881305787,
  0.2578952243985879
 ],
 "relevant rank": [
  14.156377823925492,
  14.603290113146542
 ],
 "relevant rank per query": [
  55.08300685602351,
  102.05035253091287
 ],
 "w": [
  0.8151083306068674,
  0.12639199981673765
 ]
}