{
 "dcg": [
  18.149270443866897,
  13.423167195968547
 ],
 "dcg@03": [
  7.303686496099835,
  6.2177938942429645
 ],
 "dcg@05": [
  9.230625130296879,
  7.023767845397231
 ],
 "dcg@10": [
  12.285334089720221,
  8.42443353474771
 ],
 "dcg@20": [
  15.209619397529465,
  10.268878229520361
 ],
 "ndcg": [
  0.8004657153979401,
  0.17565003643823957
 ],
 "ndcg@03": [
  0.5770110857699735,
  0.2892660271418855
 ],
 "ndcg@05": [
  0.6122463896286963,
  0.2574240661501903
 ],
 "ndcg@10": [
  0.6791333039182986,
  0.22684730919905574
 ],
 "ndcg@20": [
  0.7389951921115179,
  0.18967105540224835
 ],
 "precision@01": [
  0.42776689520078354,
  0.4947548671524772
 ],
 "precision@03": [
  0.3148057460006529,
  0.2733483186802998
 ],
 "precision@05": [
  0.2665034280117532,
  0.21273006728235871
 ],
 "precision@10": [
  0.20455435847208622,
  0.1547764563898534
 ],
 "precision@20": [
  0.1448947110675808,
  0.11392521939217456
 ],
 "recall@01": [
  0.18064642872295367,
  0.29655269807445056
 ],
 "recall@03": [
  0.35973266900969575,
  0.36823771350451806
 ],
 "recall@05": [
  0.4744410145805434,
  0.38350665559932823
 ],
 "recall@10": [
  0.6599714340260534,
  0.36229866480483236
 ],
 "recall@20": [
  0.8428607727697881,
  0.2617560904084371
 ],
 "relevant rank": [
  14.557862941287521,
  14.684275156919252
 ],
 "relevant rank per query": [
  56.64520078354554,
  101.35575442918737
 ],
 "w": [
  0.7960777477903541,
  0.12731129704268285
 ]
}