{
 "dcg": [
  18.547261050747625,
  13.754400184076754
 ],
 "dcg@03": [
  7.767884150506579,
  6.58995116304191
 ],
 "dcg@05": [
  9.736776676222334,
  7.448357686187871
 ],
 "dcg@10": [
  12.810742542777348,
  8.889640735242208
 ],
 "dcg@20": [
  15.735976679268886,
  10.778453466534147
 ],
 "ndcg": [
  0.8069661900189958,
  0.17347939481528674
 ],
 "ndcg@03": [
  0.603738437553743,
  0.2869026000156322
 ],
 "ndcg@05": [
  0.6373791465081979,
  0.25407813545474434
 ],
 "ndcg@10": [
  0.6998253668635794,
  0.22300300167269774
 ],
 "ndcg@20": [
  0.7573648358283918,
  0.18587680075641386
 ],
 "precision@01": [
  0.4911851126346719,
  0.4999222917221601
 ],
 "precision@03": [
  0.3393731635651322,
  0.27965916584174527
 ],
 "precision@05": [
  0.2839862879529873,
  0.21729387163105782
 ],
 "precision@10": [
  0.21552399608227232,
  0.15865171589371346
 ],
 "precision@20": [
  0.15015915768854066,
  0.11772658415133284
 ],
 "recall@01": [
  0.21133452893424332,
  0.31236131268818934
 ],
 "recall@03": [
  0.3896908182209743,
  0.37472188047127136
 ],
 "recall@05": [
  0.5052284003178477,
  0.3823601560610324
 ],
 "recall@10": [
  0.6901672150858416,
  0.3516777244358564
 ],
 "recall@20": [
  0.8629209898130701,
  0.25151075643911164
 ],
 "relevant rank": [
  13.608961047133597,
  14.182370890366691
 ],
 "relevant rank per query": [
  52.95298726738492,
  98.6420369957591
 ],
 "w": [
  0.8158423132046245,
  0.12337576058335176
 ]
}