{
 "dcg": [
  18.697510470271077,
  14.054438130483744
 ],
 "dcg@03": [
  8.03821049200654,
  6.983520651248756
 ],
 "dcg@05": [
  9.946437767180756,
  7.760511867944967
 ],
 "dcg@10": [
  12.946112140422667,
  9.158081181945487
 ],
 "dcg@20": [
  15.848197402744635,
  11.049276789065361
 ],
 "ndcg": [
  0.8027931890654378,
  0.17521808919861503
 ],
 "ndcg@03": [
  0.6104077118618831,
  0.2872821463773077
 ],
 "ndcg@05": [
  0.6410267505739707,
  0.2537190557326477
 ],
 "ndcg@10": [
  0.7006503353111935,
  0.22388375669132826
 ],
 "ndcg@20": [
  0.7575226282203794,
  0.18774291995098277
 ],
 "precision@01": [
  0.5154260528893242,
  0.499761980238849
 ],
 "precision@03": [
  0.3475350963108063,
  0.285623661554828
 ],
 "precision@05": [
  0.28408423114593545,
  0.217210903608783
 ],
 "precision@10": [
  0.21163075416258573,
  0.1561485040989511
 ],
 "precision@20": [
  0.14793095004897158,
  0.1151692708667843
 ],
 "recall@01": [
  0.21789785520240465,
  0.31212230164149196
 ],
 "recall@03": [
  0.39277715733369245,
  0.37226067967457643
 ],
 "recall@05": [
  0.505769527008194,
  0.3816926604917728
 ],
 "recall@10": [
  0.6823233445827133,
  0.35599922149547225
 ],
 "recall@20": [
  0.8567380971481924,
  0.2533906095097646
 ],
 "relevant rank": [
  13.8429928890567,
  14.313786351687021
 ],
 "relevant rank per query": [
  53.863614103819785,
  99.5882180855418
 ],
 "w": [
  0.820273270261088,
  0.12424387516408898
 ]
}