{
 "dcg": [
  18.789461584877216,
  14.187216453155058
 ],
 "dcg@03": [
  8.192285026408195,
  7.161831449672845
 ],
 "dcg@05": [
  10.113027146596615,
  8.033762814429172
 ],
 "dcg@10": [
  13.093816391296604,
  9.39843489794077
 ],
 "dcg@20": [
  15.950293951851553,
  11.205061234481757
 ],
 "ndcg": [
  0.8069235245133216,
  0.17445818712104766
 ],
 "ndcg@03": [
  0.6205419446122628,
  0.2894991895910662
 ],
 "ndcg@05": [
  0.6477461623290479,
  0.25593322745015984
 ],
 "ndcg@10": [
  0.7058458296619511,
  0.22290064780423793
 ],
 "ndcg@20": [
  0.7611893829600983,
  0.1875096747833907
 ],
 "precision@01": [
  0.5257100881488737,
  0.4993385538563763
 ],
 "precision@03": [
  0.36222657525301993,
  0.2975996481499739
 ],
 "precision@05": [
  0.2942213516160628,
  0.22894363290241787
 ],
 "precision@10": [
  0.21589128305582764,
  0.16198349371301457
 ],
 "precision@20": [
  0.14838393731635652,
  0.11761935608199853
 ],
 "recall@01": [
  0.2222906234425809,
  0.31457054317508243
 ],
 "recall@03": [
  0.39736396860443796,
  0.3696786150044414
 ],
 "recall@05": [
  0.5077402022965927,
  0.37783578044267063
 ],
 "recall@10": [
  0.68754009838652,
  0.3507583391384825
 ],
 "recall@20": [
  0.8534878049467199,
  0.25911922522109393
 ],
 "relevant rank": [
  13.70612296268328,
  14.35838909403156
 ],
 "relevant rank per query": [
  53.33104799216454,
  97.98547537620027
 ],
 "w": [
  0.8229042889054623,
  0.12724297835086737
 ]
}