{
 "dcg": [
  17.56896920071583,
  12.770658337420402
 ],
 "dcg@03": [
  6.460851081999743,
  5.341972779633821
 ],
 "dcg@05": [
  8.461544975685632,
  6.1846693621504985
 ],
 "dcg@10": [
  11.611888886928856,
  7.642755166333919
 ],
 "dcg@20": [
  14.603752147702021,
  9.53277954088214
 ],
 "ndcg": [
  0.8015302265866242,
  0.1756490250414671
 ],
 "ndcg@03": [
  0.5408378293796497,
  0.2899290514032869
 ],
 "ndcg@05": [
  0.5847913592886801,
  0.25863266600585677
 ],
 "ndcg@10": [
  0.6582967461049758,
  0.22827740199073024
 ],
 "ndcg@20": [
  0.7218335612830024,
  0.19001454325238704
 ],
 "precision@01": [
  0.32394711067580806,
  0.46798010658638445
 ],
 "precision@03": [
  0.272771792360431,
  0.26117373681496264
 ],
 "precision@05": [
  0.24569049951028404,
  0.20559876055241855
 ],
 "precision@10": [
  0.19831047992164547,
  0.1489255859307713
 ],
 "precision@20": [
  0.14360920666013713,
  0.11106531627556013
 ],
 "recall@01": [
  0.1362718820049057,
  0.26842225946243853
 ],
 "recall@03": [
  0.3163179881988045,
  0.36244504120455284
 ],
 "recall@05": [
  0.4449246874884688,
  0.3861032388163739
 ],
 "recall@10": [
  0.6504921346842635,
  0.3668629721398092
 ],
 "recall@20": [
  0.8414166034556292,
  0.264001913756486
 ],
 "relevant rank": [
  15.038827008998805,
  14.714404158675684
 ],
 "relevant rank per query": [
  58.51665034280118,
  104.65293120939839
 ],
 "w": [
  0.768909834753223,
  0.12614352394865422
 ]
}