{
 "dcg": [
  18.70671412089323,
  14.11179979022653
 ],
 "dcg@03": [
  8.097025141864407,
  7.05299680460532
 ],
 "dcg@05": [
  9.975257065259212,
  7.865616527738646
 ],
 "dcg@10": [
  12.986567214826112,
  9.261823321916857
 ],
 "dcg@20": [
  15.815628253934689,
  11.049895475542343
 ],
 "ndcg": [
  0.8032154767231262,
  0.1754607265834169
 ],
 "ndcg@03": [
  0.6135635877399873,
  0.28958403001957783
 ],
 "ndcg@05": [
  0.6407405321414251,
  0.25674377884218647
 ],
 "ndcg@10": [
  0.7012561385356719,
  0.22449235651862595
 ],
 "ndcg@20": [
  0.7562413832512699,
  0.1894258672495836
 ],
 "precision@01": [
  0.5176297747306562,
  0.49968909438064224
 ],
 "precision@03": [
  0.3584720861900098,
  0.29417254261506315
 ],
 "precision@05": [
  0.2885406464250735,
  0.22579910454927196
 ],
 "precision@10": [
  0.21559745347698334,
  0.16278101762701216
 ],
 "precision@20": [
  0.14712291870714989,
  0.11588848355495994
 ],
 "recall@01": [
  0.21777239234542115,
  0.31149866746595084
 ],
 "recall@03": [
  0.3931188922196882,
  0.3705305254311005
 ],
 "recall@05": [
  0.4975671710803916,
  0.38052349958726983
 ],
 "recall@10": [
  0.6833026259688106,
  0.35358815827330975
 ],
 "recall@20": [
  0.8513073340716344,
  0.2566044735008348
 ],
 "relevant rank": [
  13.908187024101693,
  14.582355260569232
 ],
 "relevant rank per query": [
  54.11728697355534,
  98.8907810999944
 ],
 "w": [
  0.8196511819051691,
  0.12808702212285852
 ]
}