{
 "dcg": [
  18.887232275783486,
  14.30510552603927
 ],
 "dcg@03": [
  8.294144714685169,
  7.133174032221131
 ],
 "dcg@05": [
  10.257958264013448,
  8.048672130084196
 ],
 "dcg@10": [
  13.236386015125646,
  9.466506521743412
 ],
 "dcg@20": [
  16.09657779585841,
  11.333522139787291
 ],
 "ndcg": [
  0.8084103973696396,
  0.17597381501765658
 ],
 "ndcg@03": [
  0.6271410221115268,
  0.2856562110780481
 ],
 "ndcg@05": [
  0.6558806796976495,
  0.25287572969962785
 ],
 "ndcg@10": [
  0.7116150093259866,
  0.221502516995818
 ],
 "ndcg@20": [
  0.765473801360824,
  0.18702950950423677
 ],
 "precision@01": [
  0.5379529872673849,
  0.49855748992215704
 ],
 "precision@03": [
  0.37520404831864185,
  0.29975145550200233
 ],
 "precision@05": [
  0.3050930460333007,
  0.23260968084865274
 ],
 "precision@10": [
  0.22166993143976496,
  0.1642453814123077
 ],
 "precision@20": [
  0.15112634671890304,
  0.11800436047187146
 ],
 "recall@01": [
  0.22353389197796156,
  0.31245378787052497
 ],
 "recall@03": [
  0.4098503734826998,
  0.37047057100530667
 ],
 "recall@05": [
  0.523995120238282,
  0.37567905856615447
 ],
 "recall@10": [
  0.7008661788620254,
  0.3438224478582569
 ],
 "recall@20": [
  0.8676637347464088,
  0.241005343886571
 ],
 "relevant rank": [
  13.208042288087597,
  14.047341704421129
 ],
 "relevant rank per query": [
  51.392997061704214,
  95.90829289668088
 ],
 "w": [
  0.827094386580909,
  0.12475981078037846
 ]
}