{
 "dcg": [
  17.36045327436856,
  12.587065497933397
 ],
 "dcg@03": [
  6.181951038493442,
  5.071549255908052
 ],
 "dcg@05": [
  8.18283162062896,
  5.9274462612354615
 ],
 "dcg@10": [
  11.344338590083112,
  7.396561923068604
 ],
 "dcg@20": [
  14.357249581366174,
  9.291496573016095
 ],
 "ndcg": [
  0.7997872761915102,
  0.1748290568516856
 ],
 "ndcg@03": [
  0.5279303934795609,
  0.29241702236719247
 ],
 "ndcg@05": [
  0.572849656378957,
  0.2622471048703776
 ],
 "ndcg@10": [
  0.6496673529562802,
  0.23030292159984317
 ],
 "ndcg@20": [
  0.7139904577005419,
  0.19151278357533597
 ],
 "precision@01": [
  0.29187071498530853,
  0.4546231414251515
 ],
 "precision@03": [
  0.2584884100555011,
  0.26116913279121545
 ],
 "precision@05": [
  0.23775710088148877,
  0.20453828408930314
 ],
 "precision@10": [
  0.19662095984329092,
  0.15151323649749707
 ],
 "precision@20": [
  0.1425930460333007,
  0.11158246429228263
 ],
 "recall@01": [
  0.12088593728273646,
  0.25529915950770954
 ],
 "recall@03": [
  0.30098853795716796,
  0.3615779691438738
 ],
 "recall@05": [
  0.4345355797266032,
  0.38715105134286315
 ],
 "recall@10": [
  0.6421385991337645,
  0.3736019892668879
 ],
 "recall@20": [
  0.8333960734150532,
  0.27397098818582194
 ],
 "relevant rank": [
  15.182430306462777,
  14.674094951585198
 ],
 "relevant rank per query": [
  59.07541625857003,
  106.05058433481274
 ],
 "w": [
  0.7593479339982921,
  0.12722968143450794
 ]
}