{
 "dcg": [
  18.61963929130184,
  13.877199998113749
 ],
 "dcg@03": [
  7.969005053765631,
  6.808394100271926
 ],
 "dcg@05": [
  9.875604269858306,
  7.619985403507702
 ],
 "dcg@10": [
  12.854240976587276,
  8.977207558902183
 ],
 "dcg@20": [
  15.723795394275287,
  10.784204901602699
 ],
 "ndcg": [
  0.8040252558203181,
  0.17648441754534339
 ],
 "ndcg@03": [
  0.6096204240837595,
  0.28580768887973507
 ],
 "ndcg@05": [
  0.6391109873999303,
  0.2534189594825817
 ],
 "ndcg@10": [
  0.6989247740363319,
  0.2236013245880418
 ],
 "ndcg@20": [
  0.7554822802176059,
  0.1881588785714535
 ],
 "precision@01": [
  0.5132223310479922,
  0.4998251393854227
 ],
 "precision@03": [
  0.34924910218739796,
  0.2818410160747536
 ],
 "precision@05": [
  0.28418217433888343,
  0.2182526596027544
 ],
 "precision@10": [
  0.20986777668952009,
  0.15653596542629525
 ],
 "precision@20": [
  0.14581292850146915,
  0.11234784146665756
 ],
 "recall@01": [
  0.22031176755306356,
  0.314906039040906
 ],
 "recall@03": [
  0.39398203533285403,
  0.3723320744934923
 ],
 "recall@05": [
  0.5018911468748433,
  0.3804255290796248
 ],
 "recall@10": [
  0.678102957018797,
  0.3571958917906321
 ],
 "recall@20": [
  0.8524848368506845,
  0.2549626357930491
 ],
 "relevant rank": [
  14.07765401799761,
  14.40419117346628
 ],
 "relevant rank per query": [
  54.77668952007836,
  101.05900364945009
 ],
 "w": [
  0.8181595688463996,
  0.12285560213070733
 ]
}