{
 "dcg": [
  18.865969373085516,
  14.133164484869997
 ],
 "dcg@03": [
  8.243610568117642,
  7.0554315017224205
 ],
 "dcg@05": [
  10.176437580446414,
  7.901889503441068
 ],
 "dcg@10": [
  13.202775467970698,
  9.331555704210876
 ],
 "dcg@20": [
  16.080683474660194,
  11.187863453106326
 ],
 "ndcg": [
  0.8070740019351971,
  0.17442032137048352
 ],
 "ndcg@03": [
  0.6254268825296361,
  0.2847416610206933
 ],
 "ndcg@05": [
  0.6529952171025108,
  0.25159719060226915
 ],
 "ndcg@10": [
  0.7110215932265064,
  0.22135922102837854
 ],
 "ndcg@20": [
  0.76668509379019,
  0.18557973393085775
 ],
 "precision@01": [
  0.5359941234084231,
  0.49870274019706295
 ],
 "precision@03": [
  0.3635324844923277,
  0.2867593058737771
 ],
 "precision@05": [
  0.29603330068560235,
  0.22194478067468335
 ],
 "precision@10": [
  0.21873163565132228,
  0.15906884245116837
 ],
 "precision@20": [
  0.15086924583741432,
  0.11687283304152886
 ],
 "recall@01": [
  0.2300710675588246,
  0.3182375036652768
 ],
 "recall@03": [
  0.41151483346765905,
  0.3744492340515461
 ],
 "recall@05": [
  0.5218002129493937,
  0.38045887888324503
 ],
 "recall@10": [
  0.7013350427466676,
  0.34748813666645456
 ],
 "recall@20": [
  0.8705319638591038,
  0.2417382305589509
 ],
 "relevant rank": [
  13.277641432257253,
  13.954453284584211
 ],
 "relevant rank per query": [
  51.66380999020568,
  97.15123640663079
 ],
 "w": [
  0.8298035438738912,
  0.12096364975221138
 ]
}