{
 "dcg": [
  17.419857828443167,
  12.58829427274604
 ],
 "dcg@03": [
  6.250282381593488,
  5.035683708928758
 ],
 "dcg@05": [
  8.242571840164732,
  5.93449934628611
 ],
 "dcg@10": [
  11.439693961294733,
  7.425808859694277
 ],
 "dcg@20": [
  14.46559309334758,
  9.342142935771804
 ],
 "ndcg": [
  0.8013735359589819,
  0.1734912030762514
 ],
 "ndcg@03": [
  0.5329832294441205,
  0.28788709801765966
 ],
 "ndcg@05": [
  0.5767730633101105,
  0.2588392561514732
 ],
 "ndcg@10": [
  0.6534629956290537,
  0.22843559338832975
 ],
 "ndcg@20": [
  0.7179506662760855,
  0.18929933252303208
 ],
 "precision@01": [
  0.30019588638589617,
  0.45834301149126544
 ],
 "precision@03": [
  0.2668135814560888,
  0.26258503002608635
 ],
 "precision@05": [
  0.24094025465230168,
  0.20841432345425542
 ],
 "precision@10": [
  0.19762487757100886,
  0.15025847898688838
 ],
 "precision@20": [
  0.1443315377081293,
  0.11230192607381294
 ],
 "recall@01": [
  0.12317078414319062,
  0.2555177348138308
 ],
 "recall@03": [
  0.31064659717730636,
  0.3621861190720664
 ],
 "recall@05": [
  0.4353269220435871,
  0.3881313562702976
 ],
 "recall@10": [
  0.6500308628612046,
  0.3709710239233893
 ],
 "recall@20": [
  0.8422041493847253,
  0.26550999226156463
 ],
 "relevant rank": [
  14.914228179472657,
  14.434901342048725
 ],
 "relevant rank per query": [
  58.03183153770813,
  104.26436473056829
 ],
 "w": [
  0.762783956995934,
  0.1250621629207543
 ]
}