{
 "dcg": [
  17.298807691909463,
  12.537249405313599
 ],
 "dcg@03": [
  6.113248589099638,
  5.055672634915161
 ],
 "dcg@05": [
  8.1059695813069,
  5.85515630361967
 ],
 "dcg@10": [
  11.280649822970926,
  7.3388957097672245
 ],
 "dcg@20": [
  14.279904870247858,
  9.205409520577026
 ],
 "ndcg": [
  0.8004061016500281,
  0.1747997660708202
 ],
 "ndcg@03": [
  0.5225308446713337,
  0.2924795155674091
 ],
 "ndcg@05": [
  0.5692503478344874,
  0.2607274427439499
 ],
 "ndcg@10": [
  0.6463288192124724,
  0.22966570503024802
 ],
 "ndcg@20": [
  0.7115357068458473,
  0.19052596732270277
 ],
 "precision@01": [
  0.2784035259549461,
  0.4482131219529385
 ],
 "precision@03": [
  0.2529382957884427,
  0.2569860057711857
 ],
 "precision@05": [
  0.23369245837414301,
  0.20034490199910707
 ],
 "precision@10": [
  0.19395200783545546,
  0.14777207231378273
 ],
 "precision@20": [
  0.14136875612144956,
  0.10914731467608028
 ],
 "recall@01": [
  0.11524690438258603,
  0.25061822238884846
 ],
 "recall@03": [
  0.2919992324271947,
  0.3551358145026913
 ],
 "recall@05": [
  0.42596420608096464,
  0.38655357840956156
 ],
 "recall@10": [
  0.6345420994873688,
  0.3720319983999566
 ],
 "recall@20": [
  0.8319333071647517,
  0.2727807515774645
 ],
 "relevant rank": [
  15.392486313007362,
  14.728642909649317
 ],
 "relevant rank per query": [
  59.89275220372184,
  105.59835228012085
 ],
 "w": [
  0.7557698925754476,
  0.12441591590217084
 ]
}