{
 "dcg": [
  17.85555466676755,
  13.13494801492016
 ],
 "dcg@03": [
  6.880215783618396,
  5.789336490096855
 ],
 "dcg@05": [
  8.82275956782582,
  6.608836599654329
 ],
 "dcg@10": [
  11.937079654044034,
  8.03875313265365
 ],
 "dcg@20": [
  14.90151458076514,
  9.908927817322173
 ],
 "ndcg": [
  0.7993812831790222,
  0.1755269792937428
 ],
 "ndcg@03": [
  0.5582313766013931,
  0.2886703926325908
 ],
 "ndcg@05": [
  0.5972411397797339,
  0.2583747052949915
 ],
 "ndcg@10": [
  0.667607044097167,
  0.22745859040215358
 ],
 "ndcg@20": [
  0.7293704027147032,
  0.18991589095043412
 ],
 "precision@01": [
  0.3819784524975514,
  0.4858712939916571
 ],
 "precision@03": [
  0.2908912830558276,
  0.26615761083377243
 ],
 "precision@05": [
  0.25176297747306564,
  0.20828652814478826
 ],
 "precision@10": [
  0.1995347698334966,
  0.14967244358245804
 ],
 "precision@20": [
  0.144037708129285,
  0.1114000456668265
 ],
 "recall@01": [
  0.15853171446672917,
  0.2803669923960264
 ],
 "recall@03": [
  0.3357781889788905,
  0.36569509257845084
 ],
 "recall@05": [
  0.4504049206732452,
  0.38260754188964885
 ],
 "recall@10": [
  0.6504867475486391,
  0.365175934400225
 ],
 "recall@20": [
  0.8415568425240394,
  0.2633248730813857
 ],
 "relevant rank": [
  14.86942294380467,
  14.639373233495558
 ],
 "relevant rank per query": [
  57.857492654260525,
  102.42909334150707
 ],
 "w": [
  0.7818752566560129,
  0.12863048066057486
 ]
}