{
 "dcg": [
  18.893034565393382,
  14.302316096327411
 ],
 "dcg@03": [
  8.32170529908629,
  7.246745796754014
 ],
 "dcg@05": [
  10.245766828128293,
  8.126415099040475
 ],
 "dcg@10": [
  13.242932856174813,
  9.513490985223582
 ],
 "dcg@20": [
  16.074293951108043,
  11.354375495712247
 ],
 "ndcg": [
  0.803402254300542,
  0.17480633792323258
 ],
 "ndcg@03": [
  0.6246255538970402,
  0.2895712045548416
 ],
 "ndcg@05": [
  0.6518142382341072,
  0.25551319451742105
 ],
 "ndcg@10": [
  0.709838863401512,
  0.22301054547400162
 ],
 "ndcg@20": [
  0.7641557074693857,
  0.1872630192274721
 ],
 "precision@01": [
  0.5438295788442703,
  0.49807526340738295
 ],
 "precision@03": [
  0.3739797584067907,
  0.3007804554570055
 ],
 "precision@05": [
  0.3025465230166503,
  0.23235661706266889
 ],
 "precision@10": [
  0.22081292850146916,
  0.1645125327364728
 ],
 "precision@20": [
  0.1495592556317336,
  0.11867102679435006
 ],
 "recall@01": [
  0.2296088980878128,
  0.316218299907862
 ],
 "recall@03": [
  0.40651281583289084,
  0.3691777041044748
 ],
 "recall@05": [
  0.519964300714718,
  0.37642325476036637
 ],
 "recall@10": [
  0.6987423495049642,
  0.34902333754202397
 ],
 "recall@20": [
  0.8576369441501213,
  0.2558126370413716
 ],
 "relevant rank": [
  13.421307658423007,
  14.302819973432758
 ],
 "relevant rank per query": [
  52.2228207639569,
  96.15697004188436
 ],
 "w": [
  0.829019229147756,
  0.12603124909776922
 ]
}