{
 "dcg": [
  18.880479265575318,
  14.234805046436396
 ],
 "dcg@03": [
  8.322162216076293,
  7.183074354254143
 ],
 "dcg@05": [
  10.219022455322943,
  8.01336623926057
 ],
 "dcg@10": [
  13.180818433730265,
  9.378049791835453
 ],
 "dcg@20": [
  16.03159323162168,
  11.184820810851566
 ],
 "ndcg": [
  0.8083043293563152,
  0.17402202646465126
 ],
 "ndcg@03": [
  0.6271214154649591,
  0.28871657089416775
 ],
 "ndcg@05": [
  0.6542425530044251,
  0.25488320085573835
 ],
 "ndcg@10": [
  0.7104657772324838,
  0.2234529674562406
 ],
 "ndcg@20": [
  0.7652668162475454,
  0.18643906438007637
 ],
 "precision@01": [
  0.5533790401567091,
  0.4971425128390736
 ],
 "precision@03": [
  0.3718576558929154,
  0.29787990844216145
 ],
 "precision@05": [
  0.2972575905974535,
  0.23057718586665713
 ],
 "precision@10": [
  0.21740940254652302,
  0.16330345820298306
 ],
 "precision@20": [
  0.14829823702252692,
  0.11633868532462592
 ],
 "recall@01": [
  0.2320178886946306,
  0.3150803355795292
 ],
 "recall@03": [
  0.40724936036468123,
  0.3706425947921012
 ],
 "recall@05": [
  0.5093268689956577,
  0.3761843554373042
 ],
 "recall@10": [
  0.6891156776382557,
  0.35066943563595154
 ],
 "recall@20": [
  0.8551815471767017,
  0.2543492670555001
 ],
 "relevant rank": [
  13.699955949908754,
  14.588486900041085
 ],
 "relevant rank per query": [
  53.307051909892266,
  99.23183284402724
 ],
 "w": [
  0.8281127477957735,
  0.12561181002829075
 ]
}