{
 "dcg": [
  17.72411958454403,
  12.949358345695256
 ],
 "dcg@03": [
  6.663230017459455,
  5.5997081729717175
 ],
 "dcg@05": [
  8.651648940051071,
  6.454860762381972
 ],
 "dcg@10": [
  11.796216680012622,
  7.904413771559981
 ],
 "dcg@20": [
  14.770033978421674,
  9.74372394604099
 ],
 "ndcg": [
  0.8025469041818638,
  0.17439292370772944
 ],
 "ndcg@03": [
  0.5496648340530138,
  0.29098865075777586
 ],
 "ndcg@05": [
  0.5917919232373322,
  0.25924801391165975
 ],
 "ndcg@10": [
  0.6642393154382458,
  0.22732278183724847
 ],
 "ndcg@20": [
  0.7268676221001606,
  0.1890324567888557
 ],
 "precision@01": [
  0.3545543584720862,
  0.4783780569387915
 ],
 "precision@03": [
  0.2789748612471433,
  0.26562560890940773
 ],
 "precision@05": [
  0.24725759059745353,
  0.20851093084008118
 ],
 "precision@10": [
  0.20058765915768856,
  0.15288491637102755
 ],
 "precision@20": [
  0.1438907933398629,
  0.11255652110886624
 ],
 "recall@01": [
  0.15029613463713995,
  0.2769630231526033
 ],
 "recall@03": [
  0.32004487515993507,
  0.36146771613196277
 ],
 "recall@05": [
  0.4452461609860345,
  0.3858468140586083
 ],
 "recall@10": [
  0.6489774147251004,
  0.3659425583847291
 ],
 "recall@20": [
  0.8371421111466771,
  0.26871072056410966
 ],
 "relevant rank": [
  14.904851802907306,
  14.658652800985495
 ],
 "relevant rank per query": [
  57.99534769833497,
  103.20026662865192
 ],
 "w": [
  0.7758527192062776,
  0.12678251403798815
 ]
}