{
 "dcg": [
  16.035083388103406,
  11.734212100094558
 ],
 "dcg@03": [
  4.6556273673820066,
  3.964413120552372
 ],
 "dcg@05": [
  6.433061817846047,
  4.831474920205741
 ],
 "dcg@10": [
  9.45659409541959,
  6.295001397367865
 ],
 "dcg@20": [
  12.494468013935101,
  8.056260028929424
 ],
 "ndcg": [
  0.7648500824476189,
  0.1826324023853635
 ],
 "ndcg@03": [
  0.4244638107193549,
  0.2869729697354158
 ],
 "ndcg@05": [
  0.4741905735176161,
  0.26671619801342417
 ],
 "ndcg@10": [
  0.5627499956707596,
  0.24750971114274245
 ],
 "ndcg@20": [
  0.6399755680661408,
  0.21043005538175888
 ],
 "precision@01": [
  0.160871694417238,
  0.3674125642279599
 ],
 "precision@03": [
  0.16707476330395035,
  0.22693970362706184
 ],
 "precision@05": [
  0.1669441723800196,
  0.1841792706557944
 ],
 "precision@10": [
  0.15548481880509304,
  0.13738777813721417
 ],
 "precision@20": [
  0.12355533790401568,
  0.09858074206745679
 ],
 "recall@01": [
  0.058727834815290425,
  0.17929854486554117
 ],
 "recall@03": [
  0.177800228517204,
  0.2934018794885501
 ],
 "recall@05": [
  0.2944212910085521,
  0.3565728243740613
 ],
 "recall@10": [
  0.5236793237034046,
  0.4010045847787529
 ],
 "recall@20": [
  0.7493236118809258,
  0.3303417863620255
 ],
 "relevant rank": [
  18.78245547794349,
  16.137773178188713
 ],
 "relevant rank per query": [
  73.08325171400588,
  121.97734421228229
 ],
 "w": [
  0.691666007603137,
  0.12896952300265874
 ]
}