{
 "dcg": [
  17.30237005490221,
  12.516306913620216
 ],
 "dcg@03": [
  6.087189911933659,
  4.953763598338392
 ],
 "dcg@05": [
  8.113172043441242,
  5.827097802008748
 ],
 "dcg@10": [
  11.310280279586438,
  7.33042409297999
 ],
 "dcg@20": [
  14.303739546459232,
  9.20930832448344
 ],
 "ndcg": [
  0.7976339858537722,
  0.1765415887403938
 ],
 "ndcg@03": [
  0.5203500045229724,
  0.2900565756995827
 ],
 "ndcg@05": [
  0.5684186283933634,
  0.25990421046923695
 ],
 "ndcg@10": [
  0.6463123860259314,
  0.2287134558098489
 ],
 "ndcg@20": [
  0.711270747363961,
  0.19012119880932654
 ],
 "precision@01": [
  0.27742409402546525,
  0.4477275578737755
 ],
 "precision@03": [
  0.25408096637283706,
  0.2588165604145673
 ],
 "precision@05": [
  0.23530852105778652,
  0.20266860144971047
 ],
 "precision@10": [
  0.1964250734573947,
  0.14947492662857054
 ],
 "precision@20": [
  0.14218903036238983,
  0.11045475191457071
 ],
 "recall@01": [
  0.11517406009483375,
  0.2509309737769357
 ],
 "recall@03": [
  0.29036198909103617,
  0.35305509087154285
 ],
 "recall@05": [
  0.4245255945175499,
  0.3847107682779616
 ],
 "recall@10": [
  0.6409908473460698,
  0.36897897951974107
 ],
 "recall@20": [
  0.8341256792119909,
  0.2717399778402543
 ],
 "relevant rank": [
  15.320558806871814,
  14.805858934144478
 ],
 "relevant rank per query": [
  59.61287952987267,
  105.71767347260585
 ],
 "w": [
  0.7559024662542589,
  0.12469886680359529
 ]
}