{
 "dcg": [
  17.918654182230622,
  13.121303599181713
 ],
 "dcg@03": [
  6.945602203069791,
  5.833441834135923
 ],
 "dcg@05": [
  8.889340038138288,
  6.644199602402034
 ],
 "dcg@10": [
  11.998398813670008,
  8.06416099684214
 ],
 "dcg@20": [
  14.986588933756277,
  9.95949964456169
 ],
 "ndcg": [
  0.8029042870202414,
  0.17566433068516596
 ],
 "ndcg@03": [
  0.5639515330356873,
  0.28874614451950753
 ],
 "ndcg@05": [
  0.6016254372795492,
  0.2589465168397854
 ],
 "ndcg@10": [
  0.6715680667705098,
  0.22896701562047436
 ],
 "ndcg@20": [
  0.7338003995140259,
  0.19020236259332143
 ],
 "precision@01": [
  0.39471106758080315,
  0.4887885439635689
 ],
 "precision@03": [
  0.292360430950049,
  0.26371895589346595
 ],
 "precision@05": [
  0.25337904015670915,
  0.20681541854312702
 ],
 "precision@10": [
  0.19985308521057787,
  0.14928815080703006
 ],
 "precision@20": [
  0.14473555337904015,
  0.11186012322926411
 ],
 "recall@01": [
  0.16927124278174627,
  0.29255023515175016
 ],
 "recall@03": [
  0.33902775514098954,
  0.3658664993728561
 ],
 "recall@05": [
  0.45778439221097844,
  0.3865463779319603
 ],
 "recall@10": [
  0.6561277844383228,
  0.36399031176278007
 ],
 "recall@20": [
  0.8459935050832815,
  0.2603558117552688
 ],
 "relevant rank": [
  14.738090743187968,
  14.528790990535471
 ],
 "relevant rank per query": [
  57.34647404505387,
  103.13557723541017
 ],
 "w": [
  0.7857686591469281,
  0.12795380093012254
 ]
}