{
 "dcg": [
  18.650816277140354,
  13.991252422952703
 ],
 "dcg@03": [
  8.026269610574895,
  6.864962812648335
 ],
 "dcg@05": [
  9.937447571599703,
  7.728287840397311
 ],
 "dcg@10": [
  12.915013590125655,
  9.113839469576664
 ],
 "dcg@20": [
  15.75510183588452,
  10.897856446649548
 ],
 "ndcg": [
  0.8045999163872484,
  0.173872947453169
 ],
 "ndcg@03": [
  0.6133372705926712,
  0.28561615356710196
 ],
 "ndcg@05": [
  0.6415286205907613,
  0.25399950987169717
 ],
 "ndcg@10": [
  0.7002302775149757,
  0.2237126207934889
 ],
 "ndcg@20": [
  0.7554982346165404,
  0.18844032210954031
 ],
 "precision@01": [
  0.5105288932419196,
  0.49988913011496894
 ],
 "precision@03": [
  0.3577375122428991,
  0.2876417379051295
 ],
 "precision@05": [
  0.29201762977473067,
  0.22547141535172294
 ],
 "precision@10": [
  0.2135651322233105,
  0.16062476856603533
 ],
 "precision@20": [
  0.1466209598432909,
  0.11435674678487377
 ],
 "recall@01": [
  0.21165607364477237,
  0.30634328027067786
 ],
 "recall@03": [
  0.3951758939282052,
  0.3688145366732895
 ],
 "recall@05": [
  0.5034532162076186,
  0.3806258598011476
 ],
 "recall@10": [
  0.6795764666509198,
  0.3551391297079411
 ],
 "recall@20": [
  0.8498169965822518,
  0.25713075948481706
 ],
 "relevant rank": [
  14.051286891951419,
  14.793702731224744
 ],
 "relevant rank per query": [
  54.67409402546523,
  100.57449475823195
 ],
 "w": [
  0.8178561733224332,
  0.1264936749266253
 ]
}