{
 "dcg": [
  17.3665400460792,
  12.528396062558434
 ],
 "dcg@03": [
  6.133341193114447,
  4.9451969597992305
 ],
 "dcg@05": [
  8.17361836137534,
  5.86380434812028
 ],
 "dcg@10": [
  11.372509984319349,
  7.341586210851911
 ],
 "dcg@20": [
  14.421380166733874,
  9.290227540888793
 ],
 "ndcg": [
  0.803977137448688,
  0.17535986645519813
 ],
 "ndcg@03": [
  0.529470766171003,
  0.2923804865484596
 ],
 "ndcg@05": [
  0.5767647573338001,
  0.26290387729274295
 ],
 "ndcg@10": [
  0.6527165829314963,
  0.23068432667645639
 ],
 "ndcg@20": [
  0.7179186047568427,
  0.19044112679652395
 ],
 "precision@01": [
  0.289177277179236,
  0.4533803916607327
 ],
 "precision@03": [
  0.25628468821416905,
  0.25869356246664876
 ],
 "precision@05": [
  0.23765915768854068,
  0.2048434231282487
 ],
 "precision@10": [
  0.19640058765915772,
  0.1491545621430259
 ],
 "precision@20": [
  0.1445519098922625,
  0.11254695395713771
 ],
 "recall@01": [
  0.1230628098635925,
  0.26093408944811114
 ],
 "recall@03": [
  0.3007594744902109,
  0.3613024658613477
 ],
 "recall@05": [
  0.4378751008851464,
  0.38924244617482545
 ],
 "recall@10": [
  0.6468645855688224,
  0.36968249964988315
 ],
 "recall@20": [
  0.8418579418796768,
  0.26624751381366024
 ],
 "relevant rank": [
  14.89579006985086,
  14.181087053776485
 ],
 "relevant rank per query": [
  57.96008814887365,
  103.2025011445923
 ],
 "w": [
  0.7605901222335004,
  0.12569402419506268
 ]
}