{
 "dcg": [
  17.68839399459043,
  12.90435019509804
 ],
 "dcg@03": [
  6.630907423032984,
  5.5005955334479895
 ],
 "dcg@05": [
  8.600849497588,
  6.332534371050064
 ],
 "dcg@10": [
  11.754727829570275,
  7.790079389875819
 ],
 "dcg@20": [
  14.737234630640735,
  9.671368125546293
 ],
 "ndcg": [
  0.8023024620632415,
  0.17470177195013023
 ],
 "ndcg@03": [
  0.5488615464399101,
  0.2886508430813387
 ],
 "ndcg@05": [
  0.5898836139691287,
  0.25863731725448563
 ],
 "ndcg@10": [
  0.6634055603259416,
  0.22683489891309086
 ],
 "ndcg@20": [
  0.7258813091691314,
  0.18839590130240658
 ],
 "precision@01": [
  0.3476983349657199,
  0.4762396485255988
 ],
 "precision@03": [
  0.28126020241593214,
  0.2634112025393903
 ],
 "precision@05": [
  0.24862879529872675,
  0.2083834997571225
 ],
 "precision@10": [
  0.19928991185112638,
  0.15116908172451785
 ],
 "precision@20": [
  0.14441723800195885,
  0.111806369703078
 ],
 "recall@01": [
  0.14402939794992675,
  0.27335498501076977
 ],
 "recall@03": [
  0.3302622669426759,
  0.36716174850182387
 ],
 "recall@05": [
  0.4495176656662317,
  0.38677327876999645
 ],
 "recall@10": [
  0.6513758391602871,
  0.3667474653151532
 ],
 "recall@20": [
  0.8428424803299442,
  0.26003978300288605
 ],
 "relevant rank": [
  14.868479013277955,
  14.579174628166445
 ],
 "relevant rank per query": [
  57.85381978452497,
  103.08107519459664
 ],
 "w": [
  0.7744775913547778,
  0.12557661008869872
 ]
}