{
 "dcg": [
  18.6283051598972,
  14.008719662867794
 ],
 "dcg@03": [
  7.909418316627331,
  6.797098119494086
 ],
 "dcg@05": [
  9.842984289431579,
  7.651235642301572
 ],
 "dcg@10": [
  12.886369695684309,
  9.091660254382516
 ],
 "dcg@20": [
  15.779925830585515,
  10.966037933387168
 ],
 "ndcg": [
  0.8069420561322506,
  0.17429189875906909
 ],
 "ndcg@03": [
  0.6081897515796888,
  0.28985590546625434
 ],
 "ndcg@05": [
  0.638474306517207,
  0.2558924263468457
 ],
 "ndcg@10": [
  0.6998804403677991,
  0.22359282528647886
 ],
 "ndcg@20": [
  0.756735016264385,
  0.18703075785631526
 ],
 "precision@01": [
  0.5080803134182175,
  0.4999347042715312
 ],
 "precision@03": [
  0.3440254652301665,
  0.2863947069683176
 ],
 "precision@05": [
  0.2848188050930461,
  0.22392345891933657
 ],
 "precision@10": [
  0.21403036238981393,
  0.15924502049103736
 ],
 "precision@20": [
  0.14848188050930464,
  0.1170206244945331
 ],
 "recall@01": [
  0.21217741869756526,
  0.3094190567306428
 ],
 "recall@03": [
  0.37962560644461374,
  0.36834409546957253
 ],
 "recall@05": [
  0.4940546068602563,
  0.37973259850629054
 ],
 "recall@10": [
  0.6809721627090938,
  0.35508044488376905
 ],
 "recall@20": [
  0.8543298558331649,
  0.25633165217416726
 ],
 "relevant rank": [
  13.814926688062425,
  14.403703007747149
 ],
 "relevant rank per query": [
  53.754407443682666,
  98.38826606253348
 ],
 "w": [
  0.815888292729179,
  0.12787339023167046
 ]
}