{
 "dcg": [
  17.502480517028435,
  12.660489377430455
 ],
 "dcg@03": [
  6.375286538942654,
  5.234276496110768
 ],
 "dcg@05": [
  8.361588627999796,
  6.078965644849605
 ],
 "dcg@10": [
  11.512848177738627,
  7.5039657294173
 ],
 "dcg@20": [
  14.532828539476993,
  9.41199513848146
 ],
 "ndcg": [
  0.803515356577574,
  0.17371890871768964
 ],
 "ndcg@03": [
  0.5383086409192183,
  0.28957431655352994
 ],
 "ndcg@05": [
  0.5814845991989468,
  0.2589906652922686
 ],
 "ndcg@10": [
  0.6561004020456597,
  0.2278887070258183
 ],
 "ndcg@20": [
  0.7205110567214305,
  0.18926541419317197
 ],
 "precision@01": [
  0.3158667972575906,
  0.46486015493675387
 ],
 "precision@03": [
  0.26909892262487756,
  0.2651104688219617
 ],
 "precision@05": [
  0.24211557296767877,
  0.20789752608907283
 ],
 "precision@10": [
  0.19613124387855044,
  0.14969678270269532
 ],
 "precision@20": [
  0.1431929480901077,
  0.1115026955539397
 ],
 "recall@01": [
  0.13041464587193236,
  0.26053956194514527
 ],
 "recall@03": [
  0.305903221009526,
  0.35819542191749076
 ],
 "recall@05": [
  0.4359343554425928,
  0.38782001811523753
 ],
 "recall@10": [
  0.6434855557962367,
  0.3708625497451876
 ],
 "recall@20": [
  0.8371550720411552,
  0.26918688141743874
 ],
 "relevant rank": [
  15.030205776854823,
  14.521377290598254
 ],
 "relevant rank per query": [
  58.483104799216456,
  104.17612252322661
 ],
 "w": [
  0.7660512816203456,
  0.12506421625587832
 ]
}