{
 "dcg": [
  18.934375259833974,
  14.373146015811685
 ],
 "dcg@03": [
  8.376305026793768,
  7.403028194311545
 ],
 "dcg@05": [
  10.324299605623315,
  8.291611250638741
 ],
 "dcg@10": [
  13.324389879726017,
  9.667575321853187
 ],
 "dcg@20": [
  16.132600506503316,
  11.45439875829323
 ],
 "ndcg": [
  0.8078263746021167,
  0.17215481013123918
 ],
 "ndcg@03": [
  0.6263188658655385,
  0.290036405652822
 ],
 "ndcg@05": [
  0.6555085912947528,
  0.25454228227626347
 ],
 "ndcg@10": [
  0.7131876668333843,
  0.2211045206602023
 ],
 "ndcg@20": [
  0.7663812192769521,
  0.18592528529665922
 ],
 "precision@01": [
  0.5384427032321254,
  0.49851996807370386
 ],
 "precision@03": [
  0.37561214495592554,
  0.30469084176035
 ],
 "precision@05": [
  0.30435847208619,
  0.23584429531978063
 ],
 "precision@10": [
  0.22299216454456416,
  0.1669797354889896
 ],
 "precision@20": [
  0.15014691478942216,
  0.11846524247894025
 ],
 "recall@01": [
  0.22720851708018758,
  0.3143604537554198
 ],
 "recall@03": [
  0.40882098717309895,
  0.3718022211425342
 ],
 "recall@05": [
  0.5190735788941699,
  0.3771046543496029
 ],
 "recall@10": [
  0.7001919092871874,
  0.345282040800814
 ],
 "recall@20": [
  0.8600404000859767,
  0.25416559827086604
 ],
 "relevant rank": [
  13.353848090113901,
  14.27010781689698
 ],
 "relevant rank per query": [
  51.960333006856025,
  97.36369157095459
 ],
 "w": [
  0.8288306629243043,
  0.1263420330170969
 ]
}