{
 "dcg": [
  18.96851154708838,
  14.316004521096065
 ],
 "dcg@03": [
  8.426546265750655,
  7.23965065620971
 ],
 "dcg@05": [
  10.35047541461558,
  8.1611114624839
 ],
 "dcg@10": [
  13.318947622044856,
  9.534958091130752
 ],
 "dcg@20": [
  16.150755135125245,
  11.357417713454748
 ],
 "ndcg": [
  0.8081617370856822,
  0.1767133312809433
 ],
 "ndcg@03": [
  0.633414670032768,
  0.2875609692794387
 ],
 "ndcg@05": [
  0.6587175025187909,
  0.25569382866130486
 ],
 "ndcg@10": [
  0.714101703447569,
  0.22383730829603657
 ],
 "ndcg@20": [
  0.7678276144922147,
  0.18851653034051988
 ],
 "precision@01": [
  0.5572967678746327,
  0.4967062314800575
 ],
 "precision@03": [
  0.376428338230493,
  0.2945868465680967
 ],
 "precision@05": [
  0.303232125367287,
  0.23381881444513578
 ],
 "precision@10": [
  0.2208374142997062,
  0.16574759852268442
 ],
 "precision@20": [
  0.14937561214495595,
  0.11772503593933258
 ],
 "recall@01": [
  0.2359167216404998,
  0.3184023871154969
 ],
 "recall@03": [
  0.41070487050663534,
  0.3681265803018681
 ],
 "recall@05": [
  0.515603075210217,
  0.37729337485077935
 ],
 "recall@10": [
  0.695472090609005,
  0.34738542514780557
 ],
 "recall@20": [
  0.8597153582798364,
  0.25031548084569
 ],
 "relevant rank": [
  13.471461833742369,
  14.449684874974531
 ],
 "relevant rank per query": [
  52.41797257590598,
  97.73078304784619
 ],
 "w": [
  0.8321377224782488,
  0.12512836671005934
 ]
}