{
 "dcg": [
  18.781423240211865,
  14.077866113301434
 ],
 "dcg@03": [
  8.200631044643481,
  6.985687426171907
 ],
 "dcg@05": [
  10.110369237896101,
  7.865177778710151
 ],
 "dcg@10": [
  13.091187656426891,
  9.310713612916116
 ],
 "dcg@20": [
  15.906150756574835,
  11.081073245078496
 ],
 "ndcg": [
  0.8014147480003642,
  0.17638235904949776
 ],
 "ndcg@03": [
  0.6185957682641244,
  0.28987730625750546
 ],
 "ndcg@05": [
  0.6463933308322238,
  0.25670309862202895
 ],
 "ndcg@10": [
  0.7043876295301611,
  0.22561815288582804
 ],
 "ndcg@20": [
  0.7595213526008234,
  0.18942053042376966
 ],
 "precision@01": [
  0.5440744368266406,
  0.49805365576252375
 ],
 "precision@03": [
  0.375448906301012,
  0.2911061071460892
 ],
 "precision@05": [
  0.3018609206660138,
  0.22836656326864663
 ],
 "precision@10": [
  0.21927032321253673,
  0.16445486593372205
 ],
 "precision@20": [
  0.14815132223310482,
  0.11786288960087711
 ],
 "recall@01": [
  0.2330268105111498,
  0.31881349536459663
 ],
 "recall@03": [
  0.4163248885746364,
  0.3710786214516472
 ],
 "recall@05": [
  0.5215477492416926,
  0.3788988561873012
 ],
 "recall@10": [
  0.6911198850263391,
  0.3493906788151036
 ],
 "recall@20": [
  0.8525663842443425,
  0.2573488703431918
 ],
 "relevant rank": [
  13.707822037631363,
  14.701130592056849
 ],
 "relevant rank per query": [
  53.33765915768854,
  99.27052415357319
 ],
 "w": [
  0.8260125335400657,
  0.12428939810788084
 ]
}