{
 "dcg": [
  17.811851968333208,
  13.031871842032517
 ],
 "dcg@03": [
  6.800322703725315,
  5.6734851819283945
 ],
 "dcg@05": [
  8.780011385762108,
  6.519424990003166
 ],
 "dcg@10": [
  11.8933552309189,
  7.963993533379439
 ],
 "dcg@20": [
  14.875905718679851,
  9.833893067305766
 ],
 "ndcg": [
  0.802395446494218,
  0.17328691309675856
 ],
 "ndcg@03": [
  0.5575887216448846,
  0.28761902602729195
 ],
 "ndcg@05": [
  0.5981518156767351,
  0.2578730410936845
 ],
 "ndcg@10": [
  0.6680474014923757,
  0.2273933434460749
 ],
 "ndcg@20": [
  0.7303471914543975,
  0.18884518110268614
 ],
 "precision@01": [
  0.3697355533790402,
  0.4827330255395161
 ],
 "precision@03": [
  0.2916258570029383,
  0.26856280041454145
 ],
 "precision@05": [
  0.25509304603330074,
  0.21205356668217484
 ],
 "precision@10": [
  0.20088148873653283,
  0.1530915708002414
 ],
 "precision@20": [
  0.144539666993144,
  0.11183978608134773
 ],
 "recall@01": [
  0.15468806614359712,
  0.2798345104126459
 ],
 "recall@03": [
  0.33480265966973344,
  0.36495424094945483
 ],
 "recall@05": [
  0.4569465592299739,
  0.38648224184374264
 ],
 "recall@10": [
  0.6531840276394749,
  0.367091552532479
 ],
 "recall@20": [
  0.8440820116618895,
  0.2613017400038138
 ],
 "relevant rank": [
  14.729280724938645,
  14.549517621184828
 ],
 "relevant rank per query": [
  57.31219392752204,
  101.87787112547727
 ],
 "w": [
  0.7810250552202095,
  0.12608255946597952
 ]
}