{
 "dcg": [
  18.91552252607397,
  14.336931759344186
 ],
 "dcg@03": [
  8.377812714339905,
  7.335980644527489
 ],
 "dcg@05": [
  10.27603464945421,
  8.202826750789871
 ],
 "dcg@10": [
  13.244616195922225,
  9.557159320496252
 ],
 "dcg@20": [
  16.07230071218866,
  11.32692714501261
 ],
 "ndcg": [
  0.8044072228214018,
  0.17608209662996965
 ],
 "ndcg@03": [
  0.6270948899244779,
  0.29059253978344474
 ],
 "ndcg@05": [
  0.6533881606937564,
  0.25857261015773225
 ],
 "ndcg@10": [
  0.7097945353973221,
  0.22647375942476128
 ],
 "ndcg@20": [
  0.7647028528214991,
  0.18886530813631935
 ],
 "precision@01": [
  0.5541136141038198,
  0.4970630913361229
 ],
 "precision@03": [
  0.37561214495592554,
  0.3004648123474462
 ],
 "precision@05": [
  0.2991185112634672,
  0.2347591481699865
 ],
 "precision@10": [
  0.2194417238001959,
  0.16537755984196043
 ],
 "precision@20": [
  0.1486777668952008,
  0.116446172342381
 ],
 "recall@01": [
  0.233599523067808,
  0.31809226985601885
 ],
 "recall@03": [
  0.4090686982418852,
  0.37150429149882924
 ],
 "recall@05": [
  0.511441217329574,
  0.3808463975768375
 ],
 "recall@10": [
  0.6901197306335828,
  0.3511296149578057
 ],
 "recall@20": [
  0.8580920128366416,
  0.2515587674308699
 ],
 "relevant rank": [
  13.574539047259455,
  14.465816999477422
 ],
 "relevant rank per query": [
  52.819049951028404,
  97.90890456952503
 ],
 "w": [
  0.8299137466704231,
  0.12668755061804898
 ]
}