{
 "dcg": [
  19.087928153137398,
  14.506749215494759
 ],
 "dcg@03": [
  8.587378824102734,
  7.575882279992607
 ],
 "dcg@05": [
  10.523347975115781,
  8.485969586635859
 ],
 "dcg@10": [
  13.503158237132322,
  9.84115766401666
 ],
 "dcg@20": [
  16.319149225341143,
  11.618572866190402
 ],
 "ndcg": [
  0.8085357921532773,
  0.17516465668964976
 ],
 "ndcg@03": [
  0.6385887869130705,
  0.29161458726210854
 ],
 "ndcg@05": [
  0.6640239618523409,
  0.25784161332953376
 ],
 "ndcg@10": [
  0.7199947526592663,
  0.2235279267323938
 ],
 "ndcg@20": [
  0.7731482066956119,
  0.187154556429615
 ],
 "precision@01": [
  0.566356513222331,
  0.49557725245714673
 ],
 "precision@03": [
  0.3868756121449559,
  0.30913772544367507
 ],
 "precision@05": [
  0.31087169441723805,
  0.24195037614583154
 ],
 "precision@10": [
  0.2243633692458374,
  0.1681886597234161
 ],
 "precision@20": [
  0.15112634671890304,
  0.11957607416824644
 ],
 "recall@01": [
  0.24414440061481749,
  0.324116433248175
 ],
 "recall@03": [
  0.41869480697047634,
  0.3727081184937731
 ],
 "recall@05": [
  0.526814391580999,
  0.37765068203401514
 ],
 "recall@10": [
  0.7038927939029171,
  0.3458059557904388
 ],
 "recall@20": [
  0.8652298885226477,
  0.2452086961537634
 ],
 "relevant rank": [
  13.10628657730791,
  14.057621833270995
 ],
 "relevant rank per query": [
  50.99706170421156,
  94.10718143497225
 ],
 "w": [
  0.8376551631654071,
  0.12633262375564103
 ]
}