{
 "dcg": [
  18.856658898091588,
  14.252642087326626
 ],
 "dcg@03": [
  8.26221366343087,
  7.271175097315517
 ],
 "dcg@05": [
  10.172890772353126,
  8.137019049974976
 ],
 "dcg@10": [
  13.19762865605871,
  9.530324297133404
 ],
 "dcg@20": [
  16.051129504596283,
  11.344250903200143
 ],
 "ndcg": [
  0.8065647764618168,
  0.17565231296610367
 ],
 "ndcg@03": [
  0.6220058165753589,
  0.2893143208010049
 ],
 "ndcg@05": [
  0.6497777743803075,
  0.25645155997911107
 ],
 "ndcg@10": [
  0.7092338477125525,
  0.2253983379952211
 ],
 "ndcg@20": [
  0.7643003849290432,
  0.18809685112817376
 ],
 "precision@01": [
  0.5335455435847208,
  0.4988734273396465
 ],
 "precision@03": [
  0.36361410381978454,
  0.2990579716933825
 ],
 "precision@05": [
  0.29480901077375127,
  0.231298526966741
 ],
 "precision@10": [
  0.21816846229187073,
  0.1642749630685431
 ],
 "precision@20": [
  0.14930215475024486,
  0.1164647289541428
 ],
 "recall@01": [
  0.225734894850246,
  0.31401493633798283
 ],
 "recall@03": [
  0.3990977325123788,
  0.3719067028652727
 ],
 "recall@05": [
  0.5100987367637044,
  0.3787087763726367
 ],
 "recall@10": [
  0.6932381752063312,
  0.35185520127659614
 ],
 "recall@20": [
  0.8607928801139659,
  0.2529274944671629
 ],
 "relevant rank": [
  13.603926750991127,
  14.422521689937495
 ],
 "relevant rank per query": [
  52.933398628795295,
  99.50609159027277
 ],
 "w": [
  0.8271071043653923,
  0.12470991538620467
 ]
}