{
 "dcg": [
  18.424451759157794,
  13.772483249087042
 ],
 "dcg@03": [
  7.65504911696782,
  6.559468122069665
 ],
 "dcg@05": [
  9.581874872390749,
  7.357685669344425
 ],
 "dcg@10": [
  12.632272620472259,
  8.79440731580664
 ],
 "dcg@20": [
  15.530502831859902,
  10.657308264330096
 ],
 "ndcg": [
  0.8036171123565687,
  0.17519514276967316
 ],
 "ndcg@03": [
  0.5932756354129924,
  0.2870823249926113
 ],
 "ndcg@05": [
  0.6270880037556653,
  0.25450643793975153
 ],
 "ndcg@10": [
  0.6905298315504059,
  0.2234778208615182
 ],
 "ndcg@20": [
  0.7482864259572989,
  0.18781656554049403
 ],
 "precision@01": [
  0.47355533790401566,
  0.499300190112751
 ],
 "precision@03": [
  0.32868103166829904,
  0.2756192118692819
 ],
 "precision@05": [
  0.2730166503428012,
  0.21365392742048533
 ],
 "precision@10": [
  0.2084476003917728,
  0.15487393200760272
 ],
 "precision@20": [
  0.1460700293829579,
  0.11276771820536662
 ],
 "recall@01": [
  0.19823828937634755,
  0.3037288149923545
 ],
 "recall@03": [
  0.36847586219199907,
  0.3653872793293709
 ],
 "recall@05": [
  0.48164997364528395,
  0.380019755738989
 ],
 "recall@10": [
  0.6714464694956795,
  0.357078233580376
 ],
 "recall@20": [
  0.8483373260454335,
  0.2575645038810482
 ],
 "relevant rank": [
  14.244100434208042,
  14.531641147877169
 ],
 "relevant rank per query": [
  55.424338883447604,
  101.11798369247714
 ],
 "w": [
  0.8069071959914176,
  0.12651514462790253
 ]
}