{
 "dcg": [
  17.35383699780458,
  12.526670759409864
 ],
 "dcg@03": [
  6.131082272646883,
  4.926736920110874
 ],
 "dcg@05": [
  8.163450059099613,
  5.83190414361232
 ],
 "dcg@10": [
  11.363646258301044,
  7.327515860347477
 ],
 "dcg@20": [
  14.37454435763389,
  9.232193889070258
 ],
 "ndcg": [
  0.8046493136638379,
  0.17377358537513266
 ],
 "ndcg@03": [
  0.5282718464426001,
  0.29079020077642365
 ],
 "ndcg@05": [
  0.5755249170979433,
  0.26169744891682506
 ],
 "ndcg@10": [
  0.6522375064393678,
  0.22881893975967105
 ],
 "ndcg@20": [
  0.7162002436916984,
  0.19025280649255163
 ],
 "precision@01": [
  0.2906464250734574,
  0.4540606574737306
 ],
 "precision@03": [
  0.2555501142670585,
  0.25566908760414686
 ],
 "precision@05": [
  0.23609206660137125,
  0.20412016430222987
 ],
 "precision@10": [
  0.1961557296767875,
  0.15042353278479
 ],
 "precision@20": [
  0.14276444662095983,
  0.11063511932130907
 ],
 "recall@01": [
  0.12187503846020013,
  0.25722889792614784
 ],
 "recall@03": [
  0.29529664507587716,
  0.35473689285273324
 ],
 "recall@05": [
  0.4309782933257211,
  0.38810795645469204
 ],
 "recall@10": [
  0.6433914839096352,
  0.3722266482373434
 ],
 "recall@20": [
  0.836741924854817,
  0.2708786474984866
 ],
 "relevant rank": [
  15.259266251337236,
  14.651631492628713
 ],
 "relevant rank per query": [
  59.37438785504408,
  104.71927465408073
 ],
 "w": [
  0.7588833423319775,
  0.12561142862469896
 ]
}