{
 "dcg": [
  18.586530332030758,
  13.91883076220918
 ],
 "dcg@03": [
  7.931151605006668,
  6.825424097584931
 ],
 "dcg@05": [
  9.827781159633743,
  7.644759975081002
 ],
 "dcg@10": [
  12.843325364949974,
  9.034119310952255
 ],
 "dcg@20": [
  15.694653191271323,
  10.844590441717596
 ],
 "ndcg": [
  0.8037683615628742,
  0.17503613633334808
 ],
 "ndcg@03": [
  0.6074377352903614,
  0.28662943299513977
 ],
 "ndcg@05": [
  0.6365417906547065,
  0.2543679941657905
 ],
 "ndcg@10": [
  0.6971601334178887,
  0.22430323671110342
 ],
 "ndcg@20": [
  0.7529271597637935,
  0.18913926877200932
 ],
 "precision@01": [
  0.49657198824681686,
  0.49998824859732455
 ],
 "precision@03": [
  0.34835128958537376,
  0.28823703419383767
 ],
 "precision@05": [
  0.28349657198824685,
  0.22246926349674792
 ],
 "precision@10": [
  0.21192458374143,
  0.15897048245759118
 ],
 "precision@20": [
  0.14635161606268365,
  0.11419847908231742
 ],
 "recall@01": [
  0.20768372755460965,
  0.30697630553764366
 ],
 "recall@03": [
  0.38648839335063884,
  0.36957106480682733
 ],
 "recall@05": [
  0.49381635149328534,
  0.3804619840297264
 ],
 "recall@10": [
  0.6758875161865855,
  0.3544725158597329
 ],
 "recall@20": [
  0.8489763332757078,
  0.25906274933550544
 ],
 "relevant rank": [
  14.131080485809578,
  14.721871293751487
 ],
 "relevant rank per query": [
  54.984573947110675,
  101.3935467824653
 ],
 "w": [
  0.8145728488832215,
  0.12662623972081277
 ]
}